141,0.5,11.13,-1.4857,0.98679,2.6538,421.68,100.94,0.22618,16.12,0.31987,0.54389,14.41,14.633,15.263,3.9886,365.93
141,1,10.53,-3.3143,1.0134,1.4397,432.56,100.92,0.11471,16.09,0.32025,0.54389,14.38,14.6,15.22,3.9886,359.01
141,1.5,10.4,-1.0286,1.0171,2.1681,427.8,100.9,0.15062,16.05,0.32056,0.54389,14.283,14.52,15.157,3.9886,360.67
141,2,11.34,-0.28571,1.0018,4.0628,418.25,100.89,0.32356,15.973,0.32095,0.54389,14.203,14.42,15.053,3.9886,368.61
141,2.5,11.35,-1.1429,1.0135,4.0178,416.05,100.9,0.32274,15.927,0.32133,0.54389,14.16,14.37,14.993,3.9886,368.85
141,3,11.05,-1.1429,1.0195,1.3724,423.54,100.92,0.11501,15.9,0.32165,0.54389,14.17,14.367,14.963,3.9886,366.66
141,3.5,11.04,-0.45714,1.0206,2.1006,422.51,100.91,0.18567,15.86,0.32197,0.54389,14.183,14.36,14.927,3.9886,367.29
141,4,11.1,-0.91429,1.038,2.5576,422.71,100.91,0.2041,15.82,0.32222,0.54389,14.18,14.343,14.887,3.9886,367.62
141,4.5,10.98,-1.6,1.0193,2.4743,420.47,100.9,0.23328,15.79,0.32248,0.54389,14.16,14.33,14.867,3.9886,365.58
141,5,10.78,-0.28571,0.9963,1.9037,423.3,100.91,0.13601,15.757,0.32286,0.54389,14.117,14.297,14.833,3.9886,363.93
141,5.5,10.41,15.314,1.0216,2.5978,424.06,100.92,0.21268,15.727,0.32305,0.54389,14.077,14.257,14.807,3.9886,362.73
141,6,11.04,80.971,1.02,3.4162,418.03,100.93,0.31257,15.68,0.32337,0.54389,14.03,14.203,14.747,3.9886,367.37
141,6.5,11.43,174.97,1.0181,3.8516,413.84,100.91,0.35427,15.637,0.32363,0.54389,14.047,14.197,14.707,3.9886,370.98
141,7,11.76,301.77,1.0088,4.2966,411.69,100.9,0.36306,15.603,0.32375,0.54389,14.087,14.223,14.693,3.9886,374.37
141,7.5,12.33,275.31,1.0256,3.5364,410.89,100.91,0.34603,15.563,0.32395,0.54389,14.23,14.307,14.693,3.9886,379.17
141,8,12.56,351.26,1.0295,3.6065,409.76,100.91,0.32987,15.563,0.3242,0.54389,14.417,14.46,14.753,3.9886,382.29
141,8.5,12.34,216.4,1.0136,3.0749,410.83,100.91,0.27396,15.567,0.3242,0.54389,14.58,14.6,14.827,3.9886,378.62
141,9,12.81,301.26,1.0494,3.0899,408.32,100.91,0.32435,15.55,0.3242,0.54389,14.7,14.7,14.877,3.9886,382.62
141,9.5,13.79,605.71,1.083,5.4645,407.15,100.9,0.50851,15.53,0.32427,0.54389,14.93,14.863,14.937,3.9886,392.47
141,10,14.36,821.14,1.1004,5.5584,412.61,100.87,0.5407,15.523,0.32414,0.54389,15.42,15.207,15.057,3.9886,399.41
141,10.5,12.46,247.66,1.0801,4.9147,415.94,100.89,0.44643,15.623,0.32407,0.54389,15.727,15.573,15.31,3.9886,379.56
141,11,13.43,889.14,1.1704,4.6655,402.75,100.88,0.45393,15.593,0.32414,0.54389,15.78,15.617,15.38,3.9886,401.02
141,11.5,14.9,982.86,1.155,6.0705,403.16,100.83,0.60148,15.587,0.32414,0.54389,16.457,16.08,15.537,3.9886,406.57
141,12,14.43,653.71,1.1366,6.4111,406.89,100.82,0.63416,15.673,0.32407,0.54389,17.127,16.677,15.863,3.9886,396.05
141,12.5,14.42,797.71,1.1281,6.6246,402.64,100.79,0.58958,15.747,0.32407,0.54389,17.117,16.813,16.103,3.9886,397.2
141,13,15.56,924.57,1.1134,7.1638,404.42,100.74,0.73761,15.757,0.32414,0.54389,17.813,17.207,16.277,3.9886,406.11
141,13.5,14.17,392.06,1.0758,7.1835,409.39,100.72,0.65912,15.89,0.32388,0.54389,17.877,17.473,16.56,3.9886,387.43
141,14,15.45,999.43,1.1259,8.041,404.81,100.67,0.71648,15.93,0.32414,0.54389,17.763,17.393,16.643,3.9886,401.71
141,14.5,15.15,597.71,1.0681,8.7522,406.04,100.64,0.84292,16.003,0.32414,0.54389,17.843,17.49,16.75,3.9886,394.8
141,15,15.56,820,1.0681,9.071,405.81,100.61,0.83811,16.08,0.32407,0.54389,17.593,17.367,16.807,3.9886,402.28
141,15.5,15.37,692.57,1.0597,8.9165,404.8,100.59,0.85514,16.15,0.32401,0.54389,17.577,17.363,16.847,3.9886,400.06
141,16,14.94,522.29,1.0582,9.0147,405.18,100.54,0.85511,16.243,0.32395,0.54389,17.46,17.323,16.9,3.9886,394.55
141,16.5,14.74,484.57,1.0528,10.145,405.78,100.49,0.88669,16.29,0.32407,0.54389,17.243,17.167,16.873,3.9886,393.04
141,17,14.72,439.54,1.0403,9.6369,404.52,100.47,0.85781,16.34,0.32407,0.54389,16.98,16.977,16.83,3.9886,392.14
141,17.5,14.35,330.4,1.0296,9.2435,404.47,100.49,0.83837,16.38,0.32407,0.54389,16.763,16.797,16.757,3.9886,388.36
141,18,13.88,233.77,1.0351,8.5243,404.66,100.48,0.74667,16.42,0.32414,0.54389,16.533,16.613,16.68,3.9886,384.08
141,18.5,13.39,135.77,1.035,7.8088,405.19,100.48,0.72957,16.433,0.32427,0.54389,16.29,16.413,16.577,3.9886,379.45
141,19,12.77,53.6,1.0359,7.2273,406.12,100.48,0.67467,16.443,0.32459,0.54389,16.03,16.2,16.463,3.9886,374.74
141,19.5,12.06,4.3429,1.0412,5.9848,407.41,100.52,0.55417,16.453,0.32465,0.54389,15.783,16,16.35,3.9886,370.28
141,20,11.69,-3.0286,1.0375,5.843,406.97,100.53,0.55307,16.433,0.32471,0.54389,15.543,15.783,16.213,3.9886,368.13
141,20.5,11.77,-1.9429,1.0346,5.9439,406.8,100.55,0.54435,16.403,0.32491,0.54389,15.327,15.567,16.067,3.9886,369.76
141,21,11.85,-1.6,1.0293,5.1437,408.28,100.57,0.46723,16.357,0.3251,0.54389,15.167,15.4,15.927,3.9886,370.67
141,21.5,11.72,-1.7143,1.0396,5.0871,408.55,100.58,0.46798,16.337,0.3251,0.54389,15.06,15.287,15.827,3.9886,370.07
141,22,11.61,-2.2286,1.0252,5.8455,407.85,100.58,0.53669,16.307,0.3251,0.54389,14.947,15.177,15.73,3.9886,369.01
141,22.5,11.6,-0.97143,1.0303,5.8273,407.98,100.58,0.5861,16.267,0.3251,0.54389,14.813,15.05,15.633,3.9886,370.81
141,23,11.46,-1.4286,1.027,5.6138,408.07,100.57,0.56827,16.23,0.32529,0.54389,14.727,14.957,15.54,3.9886,369.78
141,23.5,11.39,-1.0286,1.0326,5.4072,408.31,100.55,0.53287,16.193,0.32542,0.54389,14.647,14.87,15.463,3.9886,369.8
141,24,11.28,-1.2,1.0392,5.3505,408.67,100.53,0.49877,16.153,0.32555,0.54389,14.57,14.793,15.387,3.9886,369.13
142,0.5,11.05,-2.1714,1.049,4.727,409.64,100.51,0.44378,16.113,0.32555,0.30766,14.507,14.727,15.32,4.0461,367.82
142,1,10.55,-2.1714,1.0643,4.4515,410,100.5,0.42628,16.087,0.32555,0.30766,14.453,14.683,15.273,4.0461,363.9
142,1.5,10.36,-1.8286,1.0559,3.5076,410,100.5,0.34062,16.043,0.32555,0.30766,14.377,14.6,15.197,4.0461,362.6
142,2,10.17,-1.2571,1.0463,3.2307,410,100.49,0.29257,16,0.32561,0.30766,14.297,14.523,15.13,4.0461,361.46
142,2.5,9.94,-1.0857,1.0425,2.0894,561.88,100.49,0.19499,15.957,0.32574,0.30766,14.227,14.447,15.063,4.0461,360.65
142,3,10,-1.0286,1.0467,2.7403,410,100.49,0.27855,15.913,0.32587,0.30766,14.173,14.39,15,4.0461,361.99
142,3.5,9.88,-1.4286,1.0481,2.0533,410,100.5,0.19649,15.877,0.326,0.30766,14.117,14.333,14.943,4.0461,360.92
142,4,9.37,-3.1429,1.0293,0.94422,410,100.5,0.061984,15.85,0.326,0.30766,14.067,14.29,14.903,4.0461,354.51
142,4.5,8.65,-2.8,0.9872,1.7777,410,100.5,0.12461,15.823,0.326,0.30766,13.903,14.177,14.843,4.0461,349
142,5,8.25,-1.2571,0.96734,1.7009,410,100.51,0.037804,15.777,0.32606,0.30766,13.727,14.02,14.75,4.0461,347.38
142,5.5,7.983,11.829,0.95958,1.3416,434.64,100.53,0.046585,15.74,0.32606,0.30766,13.503,13.843,14.65,4.0461,342.11
142,6,9.09,108,1.0135,1.5745,447,100.57,0.10618,15.667,0.32606,0.30766,13.27,13.63,14.5,4.0461,350.14
142,6.5,9.57,208.63,1.0289,2.5978,434.73,100.58,0.23732,15.567,0.32606,0.30766,13.243,13.523,14.35,4.0461,362.47
142,7,9.77,281.66,1.0634,3.5739,430.14,100.6,0.3075,15.523,0.326,0.30766,13.413,13.61,14.313,4.0461,367.95
142,7.5,9.68,218.69,1.0834,3.7717,411.58,100.62,0.29993,15.493,0.326,0.30766,13.637,13.763,14.333,4.0461,369.67
142,8,10.39,304,1.1147,3.9016,405.68,100.63,0.33932,15.457,0.326,0.30766,13.84,13.92,14.37,4.0461,373.84
142,8.5,11.5,465.71,1.1377,3.7499,404.01,100.63,0.33623,15.407,0.32606,0.30766,14.087,14.1,14.417,4.0461,382.16
142,9,12.87,606.86,1.1508,3.9114,400.67,100.61,0.36774,15.377,0.326,0.30766,14.427,14.36,14.51,4.0461,390.95
142,9.5,13.97,705.71,1.1172,4.4934,399.15,100.59,0.36393,15.377,0.32587,0.30766,14.803,14.683,14.667,4.0461,396.27
142,10,14.44,730.86,1.1112,4.1564,398.06,100.59,0.34682,15.39,0.32587,0.30766,15.21,15.023,14.843,4.0461,398.45
142,10.5,15.46,928.57,1.1356,3.7783,398.98,100.56,0.36901,15.403,0.32568,0.30766,15.743,15.447,15.047,4.0461,408.75
142,11,16.01,856.57,1.1573,4.0455,398.5,100.55,0.32347,15.453,0.32536,0.30766,16.367,15.98,15.323,4.0461,410.56
142,11.5,16.87,989.71,1.1645,4.6678,398.84,100.52,0.37417,15.503,0.32516,0.30766,17.123,16.587,15.65,4.0461,415.86
142,12,17.82,979.43,1.1877,4.2322,398.42,100.5,0.34906,15.56,0.32497,0.30766,17.917,17.233,16.007,4.0461,419.19
142,12.5,18.38,924.57,1.1799,4.6784,399.32,100.49,0.38718,15.627,0.32452,0.30766,18.637,17.853,16.38,4.0461,421.24
142,13,19.04,886.86,1.1007,5.2592,398.36,100.46,0.41985,15.723,0.32439,0.30766,18.92,18.217,16.723,4.0461,418.9
142,13.5,19.98,957.71,1.0839,5.832,398.22,100.45,0.44367,15.823,0.32407,0.30766,19.26,18.533,17.02,4.0461,424.22
142,14,20.73,964,1.0424,5.6266,396.92,100.43,0.49646,15.94,0.32369,0.30766,19.36,18.727,17.27,4.0461,427.24
142,14.5,20.49,576.57,1.004,5.1076,396.78,100.4,0.39236,16.073,0.32363,0.30766,19.29,18.777,17.463,4.0461,417.69
142,15,21.2,665.14,1.0166,4.8043,395.82,100.36,0.36762,16.193,0.32343,0.30766,19.043,18.663,17.57,4.0461,422.01
142,15.5,21.06,414.69,1.0032,4.1641,394.04,100.32,0.31071,16.307,0.32324,0.30766,18.917,18.59,17.64,4.0461,415.53
142,16,20.84,410.23,1.0335,4.4348,393.17,100.31,0.36156,16.427,0.32318,0.30766,18.787,18.52,17.693,4.0461,414.27
142,16.5,21.21,485.71,0.99458,4.8371,394.74,100.3,0.36158,16.507,0.32324,0.30766,18.637,18.41,17.703,4.0461,416.93
142,17,21.26,321.31,0.98021,4.2554,397.43,100.29,0.34134,16.577,0.32318,0.30766,18.537,18.33,17.697,4.0461,414.08
142,17.5,20.26,184.74,1.034,3.4607,398.71,100.29,0.24374,16.693,0.32331,0.30766,18.387,18.253,17.737,4.0461,406.14
142,18,19.27,110.51,1.0864,2.8943,402.57,100.3,0.18454,16.773,0.32363,0.30766,18.19,18.117,17.713,4.0461,399.28
142,18.5,18.25,85.314,1.2405,3.154,407.82,100.3,0.26932,16.817,0.32363,0.30766,18.01,17.957,17.653,4.0461,397
142,19,17.68,58.571,1.2249,2.9996,412.31,100.31,0.26312,16.87,0.32369,0.30766,17.853,17.823,17.6,4.0461,395.25
142,19.5,16.73,10,1.2086,2.4468,420.63,100.33,0.19537,16.91,0.32395,0.30766,17.67,17.673,17.53,4.0461,387.38
142,20,15.5,-3.4857,1.2083,1.8893,431.23,100.34,0.094683,16.95,0.32407,0.30766,17.43,17.5,17.46,4.0461,378.33
142,20.5,14.84,-2.9714,1.2047,1.9233,432.89,100.35,0.10175,16.947,0.32414,0.30766,17.12,17.25,17.333,4.0461,373.89
142,21,14.87,-1.0286,1.2345,2.1219,431.49,100.33,0.14956,16.927,0.3242,0.30766,16.847,16.99,17.18,4.0461,378.39
142,21.5,15.5,-2.3429,1.2437,2.8499,425.34,100.31,0.24234,16.893,0.32427,0.30766,16.683,16.803,17.037,4.0461,383.35
142,22,15.43,-1.6571,1.2504,2.8722,424.38,100.3,0.2655,16.887,0.32433,0.30766,16.583,16.697,16.937,4.0461,384.62
142,22.5,15.7,-2.4571,1.258,3.617,421.73,100.26,0.34232,16.867,0.32446,0.30766,16.5,16.6,16.85,4.0461,386.43
142,23,15.64,-2.6857,1.2464,3.813,419.45,100.26,0.3721,16.857,0.32446,0.30766,16.417,16.523,16.783,4.0461,386.16
142,23.5,15.63,-1.6571,1.2603,3.9371,419.69,100.26,0.37096,16.833,0.32459,0.30766,16.347,16.44,16.703,4.0461,388.39
142,24,14.68,-3.4857,1.2649,3.1817,422.22,100.27,0.29778,16.827,0.32446,0.30766,16.307,16.403,16.667,4.0461,381.46
143,0.5,14.1,-3.2571,1.2609,2.7219,423,100.26,0.24417,16.82,0.32459,1.0453,16.223,16.337,16.617,4.3258,377.99
143,1,13.71,-3.0286,1.2571,2.5294,420.57,100.26,0.22941,16.79,0.32459,1.0453,16.113,16.24,16.55,4.3258,375.6
143,1.5,13.39,-3.2,1.2512,1.7614,425.85,100.24,0.14826,16.767,0.32465,1.0453,16,16.133,16.473,4.3258,372.52
143,2,13.26,-2,1.2223,2.2323,427.06,100.22,0.20843,16.733,0.32465,1.0453,15.877,16.02,16.393,4.3258,373.18
143,2.5,13.27,-2.0571,1.2058,2.0334,432.62,100.22,0.14635,16.697,0.32465,1.0453,15.783,15.923,16.313,4.3258,373.39
143,3,13.58,-1.8286,1.18,2.1916,427.51,100.23,0.19215,16.663,0.32465,1.0453,15.703,15.843,16.243,4.3258,373.84
143,3.5,13.63,-2.1714,1.1677,2.5901,425.85,100.24,0.21486,16.633,0.32459,1.0453,15.633,15.773,16.18,4.3258,374.18
143,4,13.57,-3.5429,1.1367,2.1407,430.9,100.25,0.13579,16.6,0.32465,1.0453,15.56,15.7,16.117,4.3258,371.35
143,4.5,11.84,-3.4857,1.1552,1.9868,441.65,100.25,0.14064,16.6,0.32465,1.0453,15.457,15.633,16.087,4.3258,364.67
143,5,11.74,-0.85714,1.1765,1.956,435.79,100.26,0.17674,16.553,0.32465,1.0453,15.323,15.51,15.99,4.3258,367.31
143,5.5,11.94,16.114,1.1894,2.3779,429.97,100.27,0.22646,16.507,0.32459,1.0453,15.24,15.413,15.907,4.3258,368.97
143,6,12.52,52.057,1.2037,2.5459,423.25,100.28,0.21611,16.46,0.32459,1.0453,15.22,15.357,15.837,4.3258,373
143,6.5,13.15,85.257,1.2272,2.4653,417.07,100.29,0.22888,16.413,0.32459,1.0453,15.27,15.373,15.79,4.3258,377.88
143,7,13.93,121.26,1.2433,2.7897,412.08,100.3,0.27092,16.373,0.32446,1.0453,15.357,15.423,15.773,4.3258,382.71
143,7.5,14.9,306.91,1.2728,2.9247,406.51,100.33,0.29548,16.34,0.32433,1.0453,15.48,15.51,15.777,4.3258,391.84
143,8,16.78,505.14,1.3043,3.6687,403.25,100.35,0.4538,16.287,0.32414,1.0453,15.72,15.673,15.803,4.3258,403.12
143,8.5,17.99,605.71,1.2373,3.408,400.85,100.37,0.38498,16.3,0.32388,1.0453,16.07,15.947,15.917,4.3258,409.84
143,9,19.02,685.71,1.2442,2.9032,399.98,100.39,0.2946,16.31,0.32356,1.0453,16.463,16.267,16.067,4.3258,418.68
143,9.5,18.65,428.97,1.2259,2.7102,399.89,100.41,0.1968,16.363,0.32331,1.0453,16.89,16.623,16.283,4.3258,411.53
143,10,19.64,720.57,1.2201,2.254,396.82,100.41,0.23821,16.327,0.32318,1.0453,17.063,16.78,16.38,4.3258,423.23
143,10.5,20.28,768.57,1.167,2.7839,399.06,100.41,0.23876,16.413,0.32273,1.0453,17.63,17.217,16.633,4.3258,425.64
143,11,20.48,772,1.1343,0.89645,400.34,100.42,0.25294,16.423,0.32235,1.0453,17.943,17.537,16.817,4.3258,428.31
143,11.5,21.49,984.57,1.1693,1.5041,402.02,100.43,0.22959,16.45,0.32203,1.0453,18.5,17.977,17.043,4.3258,439.06
143,12,21.92,1006.9,1.1711,1.751,401.91,100.43,0.29302,16.527,0.32152,1.0453,19.267,18.583,17.36,4.3258,441.68
143,12.5,22.22,1011.4,1.2096,2.5368,403.6,100.43,0.24618,16.633,0.32107,1.0453,19.997,19.193,17.727,4.3258,443
143,13,22.53,1024.6,1.2533,2.8843,402.9,100.43,0.26873,16.743,0.32063,1.0453,20.6,19.72,18.097,4.3258,445.58
143,13.5,22.82,993.71,1.2253,2.4914,402.13,100.43,0.30378,16.837,0.32018,1.0453,21.143,20.217,18.447,4.3258,445.85
143,14,22.38,794.29,1.2325,3.089,399.67,100.43,0.32111,17.007,0.31987,1.0453,21.54,20.663,18.84,4.3258,438.84
143,14.5,22.8,737.14,1.2849,3.0295,399.45,100.44,0.29883,17.103,0.31961,1.0453,21.73,20.843,19.087,4.3258,440.27
143,15,22.05,366.86,1.2734,2.647,401.6,100.45,0.21941,17.29,0.31936,1.0453,21.653,20.96,19.347,4.3258,425.32
143,15.5,21.09,164.4,1.3672,1.7094,404.79,100.45,0.11231,17.38,0.31948,1.0453,20.86,20.523,19.34,4.3258,416.58
143,16,21.17,342.46,1.4083,1.8008,400.45,100.47,0.15076,17.483,0.31967,1.0453,20.453,20.2,19.287,4.3258,422.15
143,16.5,22.7,359.37,1.2801,1.058,404.27,100.48,0.13844,17.52,0.31967,1.0453,20.287,20.003,19.183,4.3258,428.41
143,17,22.52,188.34,1.225,0.79889,405.84,100.49,0.11763,17.667,0.31955,1.0453,20.197,19.97,19.227,4.3258,420.04
143,17.5,22.66,337.71,1.384,1.2943,401.76,100.5,0.12027,17.713,0.31955,1.0453,20.047,19.827,19.17,4.3258,428.41
143,18,22.36,150,1.2785,0.604,408.06,100.53,0.18196,17.8,0.31936,1.0453,20.023,19.807,19.177,4.3258,421.67
143,18.5,19.85,31.829,1.3227,1.4897,411.22,100.61,0.13498,17.923,0.31936,1.0453,19.877,19.767,19.223,4.3258,409.07
143,19,19.32,21.314,1.3139,1.5974,412.43,100.69,0.1687,17.967,0.31942,1.0453,19.583,19.533,19.143,4.3258,405.86
143,19.5,18.24,4.5714,1.4018,0.88063,454.11,100.73,0.13106,17.997,0.31948,1.0453,19.35,19.32,19.04,4.3258,399.39
143,20,17.2,-3.7143,1.4168,1.5831,432.82,100.77,0.082555,18.043,0.31967,1.0453,19.113,19.137,18.96,4.3258,391.53
143,20.5,16.43,-3.1429,1.4498,0.71663,447.81,100.81,0.12657,18.053,0.31974,1.0453,18.79,18.87,18.82,4.3258,383.88
143,21,15.17,-3.8857,1.392,1.8089,462.01,100.86,0.12801,18.043,0.3198,1.0453,18.44,18.583,18.667,4.3258,379.36
143,21.5,14.08,-3.2,1.3038,2.2792,429.25,100.88,0.18883,18.03,0.31987,1.0453,18.143,18.31,18.5,4.3258,377.69
143,22,13.62,-3.2,1.2763,1.6647,426.92,100.91,0.14137,18.01,0.31987,1.0453,17.893,18.063,18.337,4.3258,375.06
143,22.5,13.48,-2.9143,1.2709,1.2292,428.16,100.95,0.060465,17.987,0.3198,1.0453,17.61,17.827,18.177,4.3258,368.89
143,23,13.58,-2.9143,1.2605,1.1062,426.32,100.98,0.072411,17.957,0.3198,1.0453,17.277,17.547,18.007,4.3258,365.24
143,23.5,12.94,-3.3143,1.2462,0.18682,451.23,101.01,0.084541,17.92,0.31961,1.0453,16.957,17.267,17.827,4.3258,360.83
143,24,12.5,-2.7429,1.2297,0.63015,493.29,101.03,0.077114,17.877,0.31955,1.0453,16.65,16.987,17.637,4.3258,358.68
144,0.5,11.73,-2.5143,1.1964,1.7384,489.75,101.06,0.062726,17.807,0.31955,0.96165,16.383,16.717,17.43,4.6712,360.8
144,1,11.57,-2.8,1.1593,1.9382,456.6,101.07,0.07461,17.74,0.31955,0.96165,16.19,16.513,17.25,4.6712,359.81
144,1.5,11.18,-2.9714,1.1642,2.205,432.11,101.09,0.081717,17.673,0.31955,0.96165,16.037,16.34,17.093,4.6712,361.43
144,2,11.22,-2.8571,1.1767,1.0735,432.6,101.09,0.09656,17.603,0.31955,0.96165,15.9,16.197,16.94,4.6712,361.17
144,2.5,11.1,-3.0286,1.1647,1.9783,419.23,101.12,0.16378,17.54,0.31955,0.96165,15.763,16.057,16.813,4.6712,361.45
144,3,11.32,-3.3143,1.1778,1.789,413.55,101.11,0.17437,17.46,0.31942,0.96165,15.673,15.937,16.68,4.6712,364.49
144,3.5,11.17,-3.3714,1.1661,1.6913,413.29,101.12,0.17042,17.4,0.31923,0.96165,15.61,15.867,16.59,4.6712,362
144,4,11.21,-3.3714,1.1612,2.3733,410.53,101.15,0.23482,17.333,0.3191,0.96165,15.527,15.773,16.487,4.6712,364.78
144,4.5,11,-3.3714,1.1517,2.0944,410.82,101.15,0.18313,17.267,0.3191,0.96165,15.473,15.713,16.403,4.6712,363.67
144,5,10.98,1.2,1.1463,2.3899,409.81,101.15,0.22899,17.197,0.3191,0.96165,15.407,15.637,16.32,4.6712,364.49
144,5.5,11.14,38.743,1.1426,2.3783,409.08,101.17,0.22441,17.133,0.3191,0.96165,15.363,15.583,16.243,4.6712,365.78
144,6,11.95,121.94,1.1776,2.5948,403.83,101.19,0.24013,17.053,0.31904,0.96165,15.333,15.53,16.167,4.6712,370.79
144,6.5,12.67,199.37,1.1966,3.7799,400.39,101.21,0.36767,16.98,0.31904,0.96165,15.367,15.533,16.11,4.6712,376.06
144,7,13.23,306.63,1.2026,4.0852,398.78,101.22,0.44114,16.93,0.31904,0.96165,15.463,15.583,16.087,4.6712,381.05
144,7.5,13.76,408.91,1.2081,3.9188,397.81,101.22,0.43717,16.877,0.31885,0.96165,15.6,15.673,16.09,4.6712,386.83
144,8,14.34,507.43,1.2196,3.9503,399.04,101.23,0.41603,16.837,0.31853,0.96165,15.81,15.83,16.133,4.6712,392.75
144,8.5,14.79,609.14,1.2164,3.4758,399.12,101.24,0.38069,16.82,0.31815,0.96165,16.093,16.04,16.21,4.6712,398.58
144,9,15.47,692,1.2425,2.8272,397.66,101.23,0.32717,16.81,0.3179,0.96165,16.42,16.297,16.32,4.6712,405.27
144,9.5,16.1,777.71,1.2529,2.3196,398.04,101.22,0.30454,16.803,0.31758,0.96165,16.8,16.6,16.457,4.6712,411.48
144,10,16.63,843.43,1.2549,2.3243,398.18,101.23,0.2476,16.8,0.3172,0.96165,17.193,16.937,16.62,4.6712,416.23
144,10.5,17.22,896,1.2868,2.2978,396.38,101.22,0.34387,16.807,0.31695,0.96165,17.63,17.293,16.813,4.6712,420.72
144,11,17.76,936.57,1.2996,2.2424,397.32,101.22,0.29185,16.84,0.31664,0.96165,18.13,17.713,17.05,4.6712,424.16
144,11.5,18.3,972.57,1.3243,2.2982,396.28,101.2,0.25574,16.887,0.31632,0.96165,18.663,18.167,17.31,4.6712,428.13
144,12,18.9,986.86,1.3554,2.379,395.27,101.16,0.23269,16.937,0.31594,0.96165,19.29,18.673,17.597,4.6712,430.9
144,12.5,19.28,989.71,1.3573,2.3518,395.95,101.12,0.20532,17.003,0.31563,0.96165,19.84,19.167,17.91,4.6712,432.77
144,13,19.6,975.43,1.3837,2.3558,395.35,101.09,0.24854,17.09,0.31531,0.96165,20.3,19.603,18.227,4.6712,433.5
144,13.5,20.05,950.29,1.398,2.1831,393.43,101.05,0.29729,17.19,0.315,0.96165,20.803,20.043,18.553,4.6712,435.74
144,14,20.5,912.57,1.3941,2.0781,394.13,101.01,0.25233,17.293,0.31462,0.96165,20.967,20.297,18.827,4.6712,436.34
144,14.5,20.94,861.14,1.3915,2.1528,394.56,100.95,0.14606,17.4,0.31449,0.96165,21.223,20.53,19.07,4.6712,436.7
144,15,21.54,776,1.4229,2.3244,392.9,100.89,0.23024,17.52,0.31418,0.96165,21.577,20.853,19.337,4.6712,437.46
144,15.5,22.01,720.57,1.4314,2.2482,393.13,100.84,0.23894,17.65,0.31399,0.96165,21.35,20.81,19.48,4.6712,436.95
144,16,22.29,620,1.4124,2.4682,391.45,100.82,0.28001,17.77,0.31374,0.96165,21.24,20.783,19.58,4.6712,434.81
144,16.5,21.9,443.49,1.3558,2.7708,394.48,100.79,0.23821,17.9,0.31374,0.96165,21.063,20.703,19.653,4.6712,426.92
144,17,20.91,382.86,1.3521,3.2877,394.18,100.77,0.3112,18.027,0.31368,0.96165,20.833,20.58,19.7,4.6712,420.72
144,17.5,20.9,333.49,1.3711,3.5051,394.52,100.77,0.33767,18.093,0.31355,0.96165,20.623,20.393,19.653,4.6712,419.97
144,18,19.81,247.2,1.3051,4.4901,396.49,100.77,0.43749,18.183,0.31349,0.96165,20.387,20.23,19.623,4.6712,412.41
144,18.5,18.44,108.23,1.2433,4.4706,400.2,100.78,0.44303,18.267,0.31343,0.96165,20.043,20,19.567,4.6712,402.55
144,19,16.12,21.943,1.2151,5.0223,402.08,100.79,0.49968,18.353,0.31343,0.96165,19.647,19.723,19.48,4.6712,391.2
144,19.5,15.32,4.3429,1.2451,5.2148,403.35,100.78,0.49067,18.377,0.31355,0.96165,19.197,19.34,19.29,4.6712,388.04
144,20,15.03,-2.5143,1.2142,4.2572,405.92,100.78,0.43498,18.353,0.31361,0.96165,18.817,18.98,19.073,4.6712,385.79
144,20.5,14.76,-3.3714,1.1733,3.2502,407.55,100.79,0.33615,18.35,0.31368,0.96165,18.51,18.693,18.89,4.6712,381.69
144,21,14.21,-3.4286,1.1637,3.2483,411.9,100.82,0.32303,18.333,0.31368,0.96165,18.22,18.423,18.703,4.6712,379.48
144,21.5,13.03,-3.6,1.1873,3.1167,411.5,100.82,0.30601,18.32,0.31361,0.96165,17.97,18.197,18.543,4.6712,374.27
144,22,12.51,-3.6,1.1986,2.5751,412.96,100.79,0.24908,18.287,0.31349,0.96165,17.717,17.96,18.377,4.6712,371.32
144,22.5,12.03,-3.8857,1.1852,1.8203,418.27,100.76,0.12958,18.25,0.31349,0.96165,17.46,17.723,18.207,4.6712,367.24
144,23,11.27,-3.9429,1.1445,1.0895,431.37,100.73,0.062497,18.21,0.31349,0.96165,17.173,17.483,18.043,4.6712,359.54
144,23.5,10.84,-3.4857,1.1305,1.1741,439.31,100.71,0.13588,18.163,0.31349,0.96165,16.82,17.183,17.853,4.6712,356.05
144,24,10.33,-3.1429,1.1052,1.3797,448.29,100.71,0.11849,18.1,0.31349,0.96165,16.51,16.897,17.657,4.6712,353.55
145,0.5,11.01,-3.3143,1.1591,0.37303,420.53,100.67,0.059535,18.03,0.31324,0.85759,16.183,16.6,17.447,4.3148,351.63
145,1,10.12,-2.8571,1.1059,0.65123,434.97,100.66,0.0448,17.973,0.31317,0.85759,15.88,16.327,17.253,4.3148,346.99
145,1.5,9.71,-3.1429,1.0856,1.2925,465.79,100.62,0.059575,17.883,0.31317,0.85759,15.567,16.03,17.033,4.3148,347.07
145,2,9.95,-2.2286,1.1093,1.7026,421.15,100.6,0.053177,17.79,0.31317,0.85759,15.303,15.767,16.813,4.3148,348.44
145,2.5,9.38,-3.0286,1.0629,1.3434,428.62,100.56,0.10483,17.697,0.31317,0.85759,15.103,15.55,16.62,4.3148,348.71
145,3,9.68,-2.7429,1.0942,1.6147,400.91,100.51,0.091383,17.607,0.31305,0.85759,14.977,15.393,16.45,4.3148,351.41
145,3.5,9.77,-3.1429,1.1069,0.090056,394.63,100.49,0.13503,17.523,0.31286,0.85759,14.823,15.253,16.307,4.3148,347.67
145,4,9.51,-3.0857,1.0925,0.67816,410,100.46,0.087705,17.44,0.3128,0.85759,14.647,15.087,16.163,4.3148,348.11
145,4.5,8.35,-3.3143,1.0036,1.5822,447.52,100.51,0.078281,17.343,0.31274,0.85759,14.463,14.903,16.003,4.3148,346.27
145,5,8.72,-0.51429,1.0358,0.57703,410,100.52,0.067844,17.253,0.31274,0.85759,14.293,14.743,15.857,4.3148,345.63
145,5.5,8.23,32.343,1.002,0.66697,410,100.53,0.047862,17.163,0.31255,0.85759,14.07,14.55,15.703,4.3148,345.21
145,6,9.91,110.86,1.0685,0.80609,425.8,100.54,0.15954,17.03,0.31236,0.85759,13.947,14.377,15.517,4.3148,356.9
145,6.5,11.47,198.86,1.1192,1.801,412.36,100.55,0.15641,16.9,0.3123,0.85759,14.053,14.38,15.387,4.3148,368.51
145,7,12.54,304.46,1.1198,2.5332,399.16,100.56,0.24592,16.81,0.31223,0.85759,14.313,14.537,15.36,4.3148,376.32
145,7.5,13.12,436.69,1.0779,2.5679,397.29,100.57,0.25398,16.75,0.31217,0.85759,14.61,14.737,15.397,4.3148,381.7
145,8,13.58,540.57,1.0628,2.6139,398.02,100.6,0.27095,16.69,0.31205,0.85759,14.913,14.957,15.463,4.3148,387.83
145,8.5,14.31,637.71,1.0456,1.9249,397.74,100.6,0.21464,16.64,0.31167,0.85759,15.26,15.24,15.573,4.3148,395.43
145,9,14.95,730.29,1.0762,2.7986,396.95,100.59,0.23961,16.627,0.31136,0.85759,15.637,15.547,15.713,4.3148,401.29
145,9.5,15.48,818.86,1.0906,2.4921,397.03,100.58,0.2261,16.613,0.31105,0.85759,16.027,15.877,15.88,4.3148,406.48
145,10,16.17,860,1.1307,2.2868,395.21,100.59,0.27826,16.6,0.3108,0.85759,16.45,16.223,16.053,4.3148,412.22
145,10.5,16.38,888,1.1524,2.2381,396.89,100.59,0.30388,16.607,0.31036,0.85759,16.913,16.62,16.257,4.3148,415.01
145,11,16.38,759.43,1.2263,2.6713,399.25,100.59,0.27186,16.633,0.31017,0.85759,17.33,16.993,16.493,4.3148,413.24
145,11.5,16.48,708,1.2343,2.3767,398.06,100.58,0.2666,16.68,0.30992,0.85759,17.667,17.317,16.73,4.3148,411.98
145,12,17.14,829.14,1.2504,2.6957,397.3,100.57,0.2888,16.71,0.30961,0.85759,18.15,17.687,16.957,4.3148,418.19
145,12.5,17.7,958.29,1.2698,3.0632,396.24,100.55,0.37305,16.763,0.30943,0.85759,18.583,18.077,17.207,4.3148,422.69
145,13,17.73,708.57,1.259,2.9149,398.34,100.52,0.29633,16.837,0.30912,0.85759,18.95,18.437,17.473,4.3148,417.07
145,13.5,18.41,962.86,1.295,3.4146,396.76,100.5,0.38464,16.903,0.30887,0.85759,19.373,18.767,17.713,4.3148,425.11
145,14,18.92,740,1.2959,2.7846,397.43,100.48,0.31292,16.983,0.30868,0.85759,19.617,19.053,17.947,4.3148,422.3
145,14.5,19.4,766.86,1.2632,3.0238,397.74,100.45,0.33318,17.073,0.30856,0.85759,19.783,19.237,18.16,4.3148,424.01
145,15,20.2,759.43,1.2807,2.2565,397.79,100.43,0.22799,17.16,0.30825,0.85759,19.943,19.413,18.34,4.3148,428.86
145,15.5,20.79,729.14,1.2978,1.8618,396.08,100.39,0.22496,17.247,0.30794,0.85759,19.933,19.473,18.477,4.3148,431.23
145,16,21.04,637.14,1.2454,1.9454,397.21,100.35,0.24735,17.35,0.30781,0.85759,19.94,19.53,18.597,4.3148,427.82
145,16.5,20.89,541.71,1.1784,2.4944,397.22,100.33,0.24218,17.46,0.30763,0.85759,19.89,19.54,18.703,4.3148,423.5
145,17,20.62,444.91,1.1704,3.3115,397.81,100.32,0.32438,17.563,0.30744,0.85759,19.78,19.497,18.767,4.3148,418.36
145,17.5,19.74,298.57,1.1941,4.3815,401.8,100.3,0.42582,17.663,0.30744,0.85759,19.593,19.393,18.803,4.3148,411.36
145,18,18.84,213.26,1.1896,4.6257,403.55,100.29,0.43882,17.743,0.30744,0.85759,19.3,19.197,18.78,4.3148,405.59
145,18.5,18.03,123.26,1.171,4.8023,406.75,100.29,0.47149,17.8,0.30738,0.85759,18.997,18.967,18.703,4.3148,400.12
145,19,16.72,48.571,1.1303,4.6752,410.26,100.3,0.43939,17.86,0.30744,0.85759,18.71,18.743,18.62,4.3148,392.66
145,19.5,15.07,5.3143,1.0984,4.1753,412.11,100.29,0.39839,17.907,0.30744,0.85759,18.39,18.497,18.507,4.3148,384.16
145,20,13.84,-3.3143,1.0822,3.0521,414.47,100.29,0.29354,17.907,0.3075,0.85759,18.03,18.19,18.34,4.3148,377.64
145,20.5,13.16,-3.0286,1.062,2.9824,415.25,100.31,0.28525,17.893,0.3075,0.85759,17.703,17.897,18.167,4.3148,373.45
145,21,12.8,-2.4,1.0415,2.9945,413.36,100.31,0.26136,17.87,0.30756,0.85759,17.403,17.613,17.983,4.3148,373.08
145,21.5,12.92,-1.6571,1.0637,4.2059,407.64,100.29,0.38733,17.837,0.30756,0.85759,17.137,17.36,17.807,4.3148,374.77
145,22,12.75,-2.4,1.0511,3.7738,408.39,100.27,0.32049,17.8,0.3075,0.85759,16.88,17.123,17.64,4.3148,373.87
145,22.5,12.45,-1.5429,1.0712,3.3682,408.7,100.25,0.3209,17.77,0.30725,0.85759,16.72,16.953,17.497,4.3148,372.93
145,23,12.53,-1.6571,1.0475,5.1646,406.3,100.21,0.4411,17.723,0.30713,0.85759,16.537,16.783,17.353,4.3148,374.14
145,23.5,12.57,-1.6,1.0243,6.4911,405.17,100.19,0.59061,17.673,0.30713,0.85759,16.33,16.6,17.217,4.3148,375.04
145,24,12.33,-1.6,1.0087,5.8721,404.47,100.19,0.50116,17.627,0.30713,0.85759,16.153,16.43,17.08,4.3148,373.6
146,0.5,12.22,-1.5429,1.0123,5.1048,404.11,100.16,0.46082,17.58,0.30713,0.61412,16.007,16.28,16.953,3.9068,373.19
146,1,12.29,-1.4286,1.0261,4.3993,404.07,100.18,0.39041,17.52,0.30713,0.61412,15.907,16.163,16.837,3.9068,373.07
146,1.5,12.31,-2.2857,1.0393,4.03,412.56,100.18,0.32009,17.46,0.30707,0.61412,15.82,16.06,16.727,3.9068,372.98
146,2,11.67,-4.4571,1.0719,4.0134,443.93,100.18,0.34319,17.423,0.30688,0.61412,15.757,15.997,16.653,3.9068,368.87
146,2.5,11.34,-4.0571,1.0559,4.6955,469.42,100.19,0.39019,17.363,0.30682,0.61412,15.64,15.893,16.557,3.9068,367.38
146,3,10.89,-3.1429,1.0243,5.1225,410,100.2,0.49719,17.313,0.3067,0.61412,15.517,15.78,16.467,3.9068,364.54
146,3.5,10.54,-2.2286,0.98622,5.286,410,100.18,0.46472,17.253,0.30676,0.61412,15.323,15.62,16.363,3.9068,361.8
146,4,10.35,-2.9143,0.95219,5.3713,464.23,100.2,0.49563,17.193,0.30676,0.61412,15.133,15.443,16.237,3.9068,360.08
146,4.5,10.13,-3.8857,0.93124,5.5992,416.49,100.2,0.48604,17.137,0.3067,0.61412,14.95,15.28,16.123,3.9068,358.11
146,5,9.97,-0.62857,0.90907,6.804,418.55,100.22,0.62114,17.067,0.30657,0.61412,14.757,15.103,15.983,3.9068,358.95
146,5.5,9.61,19.314,0.89313,6.7663,407.31,100.25,0.58769,17.01,0.30633,0.61412,14.58,14.943,15.863,3.9068,357.32
146,6,9.92,87.086,0.89395,5.9656,405.22,100.31,0.54036,16.933,0.30633,0.61412,14.42,14.78,15.727,3.9068,359.63
146,6.5,10.17,94.857,0.8924,5.1114,405.17,100.36,0.50956,16.857,0.30633,0.61412,14.353,14.677,15.6,3.9068,362.55
146,7,10.43,134.06,0.87596,4.7298,404.6,100.41,0.51691,16.787,0.30614,0.61412,14.39,14.667,15.523,3.9068,364.87
146,7.5,10.6,194.74,0.87241,6.4212,402.89,100.42,0.56016,16.72,0.30589,0.61412,14.413,14.66,15.467,3.9068,366.41
146,8,11.37,418.17,0.90341,6.0872,400.28,100.44,0.63193,16.647,0.30577,0.61412,14.453,14.667,15.417,3.9068,373.89
146,8.5,12.02,520,0.88186,6.7462,401,100.46,0.66467,16.577,0.30546,0.61412,14.61,14.757,15.397,3.9068,378.28
146,9,12.47,662.29,0.86485,6.5029,399.31,100.47,0.65301,16.543,0.30528,0.61412,14.82,14.91,15.433,3.9068,383.12
146,9.5,12.38,520,0.8425,6.2744,399,100.48,0.61699,16.52,0.30503,0.61412,15.01,15.073,15.5,3.9068,380.13
146,10,13.1,694.86,0.86001,5.7257,397.23,100.51,0.56992,16.473,0.30466,0.61412,15.2,15.207,15.543,3.9068,387.35
146,10.5,13.48,660,0.85365,5.4376,396.98,100.53,0.5553,16.45,0.30435,0.61412,15.49,15.433,15.637,3.9068,389.15
146,11,13.9,772.57,0.86158,5.3779,397.11,100.55,0.51645,16.443,0.3041,0.61412,15.767,15.657,15.753,3.9068,393.5
146,11.5,14.13,764,0.85182,5.0982,396.84,100.57,0.48682,16.443,0.30367,0.61412,16.037,15.887,15.87,3.9068,394.77
146,12,14.51,807.43,0.88442,5.1311,396.18,100.6,0.51435,16.45,0.30324,0.61412,16.397,16.183,16.017,3.9068,398.2
146,12.5,13.82,485.71,0.89374,5.1712,396.79,100.64,0.50088,16.487,0.303,0.61412,16.51,16.36,16.183,3.9068,387.58
146,13,13.57,493.71,0.9208,5.0993,398.24,100.67,0.50152,16.513,0.30281,0.61412,16.447,16.367,16.27,3.9068,387.18
146,13.5,13.16,374.4,0.93779,5.2205,416.55,100.68,0.49758,16.527,0.30288,0.61412,16.417,16.367,16.32,3.9068,382.58
146,14,13.14,456.51,0.92871,5.9238,396.96,100.69,0.58987,16.533,0.30281,0.61412,16.29,16.287,16.32,3.9068,383.37
146,14.5,13.79,672.57,0.94715,6.4494,395.34,100.71,0.67777,16.517,0.30251,0.61412,16.41,16.323,16.313,3.9068,391.59
146,15,13.64,559.43,0.92875,5.8214,396.76,100.74,0.57502,16.553,0.30245,0.61412,16.55,16.447,16.39,3.9068,389.38
146,15.5,13.96,653.14,0.93026,5.6023,396.14,100.76,0.56816,16.587,0.30208,0.61412,16.52,16.463,16.44,3.9068,392.67
146,16,14.32,635.43,0.94195,4.6635,396.71,100.81,0.42372,16.583,0.30202,0.61412,16.643,16.53,16.467,3.9068,396.04
146,16.5,13.87,424.11,0.95002,4.4437,398.73,100.82,0.39248,16.637,0.30202,0.61412,16.693,16.617,16.547,3.9068,388.57
146,17,13.71,305.31,0.9659,3.8638,399.83,100.81,0.36119,16.667,0.30171,0.61412,16.59,16.57,16.57,3.9068,384.88
146,17.5,13.44,318.4,0.94676,4.2418,399.25,100.82,0.34787,16.683,0.30165,0.61412,16.437,16.47,16.56,3.9068,382.9
146,18,13.27,233.94,0.9578,3.4556,399.94,100.87,0.32362,16.687,0.30165,0.61412,16.313,16.357,16.513,3.9068,379.69
146,18.5,12.77,150.51,0.95029,3.7934,401.77,100.9,0.37848,16.7,0.30165,0.61412,16.173,16.247,16.47,3.9068,374.53
146,19,12.01,66.343,0.95911,2.843,404.29,100.91,0.25373,16.71,0.30165,0.61412,15.957,16.1,16.41,3.9068,367.61
146,19.5,10.97,4.5714,0.94769,2.4567,410.47,100.94,0.20474,16.727,0.30171,0.61412,15.73,15.94,16.34,3.9068,360.27
146,20,10.01,-3.9429,0.95081,1.8466,418.45,100.97,0.11091,16.72,0.30171,0.61412,15.427,15.713,16.23,3.9068,352.57
146,20.5,9.42,-3.8857,0.95013,1.4089,430.15,101,0.036948,16.693,0.30171,0.61412,15.04,15.407,16.073,3.9068,345.45
146,21,9.72,-2.8,0.94816,1.1929,431.65,101.05,0.058884,16.663,0.30177,0.61412,14.65,15.077,15.893,3.9068,340.61
146,21.5,9.27,-3.8857,0.92003,1.2232,437.81,101.07,0.062349,16.617,0.30183,0.61412,14.297,14.757,15.697,3.9068,336.19
146,22,8.23,-3.5429,0.89741,0.79566,482.32,101.11,0.060136,16.567,0.30159,0.61412,13.947,14.443,15.49,3.9068,332.86
146,22.5,8.28,-2.5143,0.92123,0.43618,448.69,101.13,0.040675,16.493,0.30141,0.61412,13.62,14.13,15.267,3.9068,331.81
146,23,8.14,-2.7429,0.91576,0.56218,471.96,101.15,0.092297,16.423,0.30141,0.61412,13.337,13.86,15.057,3.9068,331.42
146,23.5,8.37,-2.8,0.93347,1.3664,442.43,101.15,0.031242,16.33,0.30141,0.61412,13.073,13.593,14.837,3.9068,333.64
146,24,8.87,-1.8286,0.97242,1.8402,436.02,101.13,0.047617,16.243,0.30141,0.61412,12.88,13.383,14.653,3.9068,340.77
147,0.5,9.18,-0.97143,1.0069,0.82365,450.69,101.13,0.030756,16.133,0.30135,1.5779,12.89,13.307,14.49,4.467,354.43
147,1,9.48,-0.74286,1.0215,0.78904,457.91,101.14,0.049865,16.07,0.3011,1.5779,13.057,13.39,14.43,4.467,356.82
147,1.5,9.42,-0.74286,1.0233,0.97278,479.97,101.13,0.051951,16,0.30098,1.5779,13.177,13.463,14.4,4.467,357.78
147,2,9.5,-1.3143,1.0336,0.18987,410,101.14,0.074428,15.937,0.30098,1.5779,13.263,13.52,14.383,4.467,358.69
147,2.5,9.51,-1.8857,1.0307,0.31492,410,101.14,0.026739,15.877,0.30092,1.5779,13.297,13.557,14.37,4.467,356.31
147,3,9.54,-1.2,1.0138,0.22169,410,101.14,0.041205,15.827,0.30092,1.5779,13.283,13.55,14.357,4.467,355.23
147,3.5,9.81,-1.2571,1.0214,0.82593,410,101.16,0.047197,15.767,0.30092,1.5779,13.283,13.533,14.32,4.467,357.28
147,4,9.61,-1.3143,1.0484,1.2638,474.89,101.19,0.090899,15.71,0.30073,1.5779,13.297,13.53,14.293,4.467,358.89
147,4.5,9.64,-1.3714,1.0625,1.8649,459.79,101.2,0.12366,15.663,0.30055,1.5779,13.363,13.56,14.277,4.467,360.72
147,5,9.8,-0.11429,1.0679,1.6443,440.3,101.21,0.10533,15.617,0.30049,1.5779,13.437,13.607,14.277,4.467,361.73
147,5.5,9.9,14.857,1.0678,1.819,431.74,101.22,0.12564,15.583,0.30049,1.5779,13.5,13.657,14.287,4.467,362.39
147,6,10.18,44.629,1.0545,1.7817,424.75,101.24,0.11836,15.55,0.30049,1.5779,13.567,13.707,14.297,4.467,363.96
147,6.5,10.7,120.74,1.0685,2.0564,417.03,101.25,0.22732,15.507,0.30049,1.5779,13.653,13.763,14.303,4.467,368.32
147,7,11.07,174,1.0662,2.3625,409.48,101.3,0.21348,15.473,0.30043,1.5779,13.76,13.843,14.327,4.467,370.88
147,7.5,11.55,171.6,1.0884,2.2214,406.49,101.33,0.19208,15.45,0.30043,1.5779,13.907,13.957,14.37,4.467,375.08
147,8,12.2,242.11,1.0983,1.6858,400.47,101.34,0.15459,15.433,0.30043,1.5779,14.097,14.11,14.433,4.467,380.51
147,8.5,13,347.77,1.1033,1.0492,400.89,101.36,0.10741,15.413,0.30025,1.5779,14.333,14.293,14.513,4.467,387.55
147,9,14.38,627.43,1.1439,0.74842,407.89,101.34,0.18205,15.403,0.30006,1.5779,14.657,14.55,14.63,4.467,399.17
147,9.5,15.26,821.14,1.1117,0.85898,403.11,101.33,0.21341,15.413,0.29994,1.5779,15.043,14.877,14.78,4.467,407.93
147,10,15.55,874.86,1.0925,0.74883,400.1,101.34,0.12272,15.453,0.29958,1.5779,15.52,15.283,15.003,4.467,410.77
147,10.5,16.48,958.29,1.1131,0.49055,399.99,101.34,0.22617,15.477,0.29933,1.5779,16.083,15.737,15.23,4.467,417.97
147,11,16.65,854.29,1.1156,1.0975,398.6,101.33,0.11359,15.543,0.29909,1.5779,16.66,16.227,15.523,4.467,415.95
147,11.5,16.68,925.71,1.149,2.6058,395.15,101.35,0.26969,15.617,0.29878,1.5779,17.057,16.603,15.807,4.467,418.08
147,12,17.3,940.57,1.1501,2.3889,393.97,101.34,0.2946,15.68,0.29866,1.5779,17.427,16.94,16.06,4.467,420
147,12.5,17.62,741.71,1.1526,3.4393,393.83,101.32,0.38166,15.75,0.29842,1.5779,17.78,17.277,16.31,4.467,415.66
147,13,17.45,593.14,1.1899,3.8152,394.97,101.33,0.4207,15.85,0.29824,1.5779,17.82,17.413,16.533,4.467,410.33
147,13.5,18.33,1067.4,1.1699,2.9329,397.13,101.31,0.32939,15.92,0.29818,1.5779,18.043,17.59,16.693,4.467,426.2
147,14,18.32,752,1.1393,2.3603,398.24,101.31,0.19292,16.02,0.29787,1.5779,18.367,17.883,16.913,4.467,419.91
147,14.5,18.62,809.71,1.1333,2.7899,396.17,101.29,0.31542,16.107,0.29787,1.5779,18.573,18.083,17.097,4.467,422.05
147,15,18.87,560,1.1555,2.6175,396.26,101.28,0.2744,16.217,0.29763,1.5779,18.613,18.2,17.267,4.467,417.83
147,15.5,18.21,287.77,1.1657,2.1595,394.68,101.26,0.18756,16.333,0.29745,1.5779,18.483,18.187,17.397,4.467,407.7
147,16,18.29,290.74,1.1802,2.4406,395.3,101.25,0.24022,16.427,0.29745,1.5779,18.32,18.087,17.437,4.467,407.49
147,16.5,18.52,402.91,1.1916,2.6832,395,101.23,0.22611,16.497,0.29745,1.5779,18.203,17.997,17.443,4.467,411.19
147,17,19.67,502.29,1.1995,2.0078,397.3,101.21,0.28418,16.52,0.29745,1.5779,18.213,17.963,17.417,4.467,420.25
147,17.5,18.47,346.51,1.2204,3.8457,397.11,101.18,0.40673,16.643,0.29745,1.5779,18.253,18.04,17.513,4.467,408.93
147,18,18.19,294.97,1.2127,2.9214,398.49,101.2,0.29467,16.717,0.29745,1.5779,18.137,17.98,17.537,4.467,407.37
147,18.5,17.35,151.26,1.1872,3.1421,402.31,101.22,0.29248,16.793,0.29745,1.5779,18.01,17.897,17.547,4.467,397.62
147,19,15.99,58.686,1.1499,2.9494,405.72,101.24,0.26759,16.87,0.29745,1.5779,17.763,17.753,17.533,4.467,387.68
147,19.5,14.37,5.7143,1.159,1.9335,412.35,101.26,0.13761,16.943,0.29745,1.5779,17.453,17.537,17.47,4.467,375.49
147,20,13.33,-3.2571,1.1285,1.9487,415.65,101.27,0.13343,16.947,0.29751,1.5779,17.073,17.23,17.32,4.467,370.54
147,20.5,12.3,-3.3714,1.1308,1.5243,425.7,101.28,0.062645,16.943,0.29769,1.5779,16.713,16.93,17.16,4.467,364.38
147,21,12.01,-2.8,1.1261,1.4859,430.73,101.3,0.041124,16.933,0.29775,1.5779,16.373,16.623,16.983,4.467,361.4
147,21.5,11.37,-2.8571,1.1266,0.73366,438.43,101.31,0.020789,16.913,0.29757,1.5779,16.017,16.317,16.803,4.467,356.66
147,22,11.42,-2.4571,1.1222,1.2203,432.08,101.3,0.068966,16.883,0.29763,1.5779,15.687,16.017,16.613,4.467,354.76
147,22.5,11.22,-2.6857,1.1141,0.21754,439.61,101.29,0.042293,16.863,0.29763,1.5779,15.39,15.75,16.433,4.467,351.37
147,23,11,-2.5143,1.0979,0.89068,456.66,101.26,0.030012,16.82,0.29763,1.5779,15.097,15.487,16.25,4.467,348.55
147,23.5,10.01,-3.1429,1.056,0.78847,544.33,101.27,0.033685,16.773,0.29769,1.5779,14.823,15.23,16.067,4.467,345.37
147,24,8.74,-2.6286,0.99661,0.12328,585.78,101.26,0.095869,16.717,0.29769,1.5779,14.56,14.977,15.877,4.467,343.65
148,0.5,9.06,-2.2857,1.0241,0.83813,471.33,101.26,0.063431,16.643,0.29745,1.1837,14.29,14.72,15.68,4.8827,344.01
148,1,8.76,-2.4571,1.0092,1.5367,444.26,101.28,0.053345,16.57,0.29727,1.1837,14.073,14.503,15.497,4.8827,343.28
148,1.5,8.96,-2.2286,1.0218,1.5795,426.29,101.26,0.10581,16.493,0.29727,1.1837,13.91,14.323,15.33,4.8827,347.02
148,2,9.53,-2.4,1.0547,1.8477,407.06,101.26,0.15004,16.407,0.29727,1.1837,13.827,14.2,15.18,4.8827,353.77
148,2.5,10.11,-2.6857,1.0891,1.1323,408.2,101.26,0.13,16.327,0.29727,1.1837,13.867,14.17,15.077,4.8827,357.77
148,3,10.37,-2.4571,1.1032,2.1808,405.11,101.25,0.1969,16.26,0.29721,1.1837,13.91,14.183,15.01,4.8827,359.36
148,3.5,10.35,-3.5429,1.1092,1.9355,406.78,101.22,0.14895,16.197,0.29697,1.1837,13.953,14.193,14.96,4.8827,360.31
148,4,9.92,-3.4286,1.0949,1.6473,407.45,101.24,0.13724,16.147,0.29678,1.1837,13.977,14.203,14.937,4.8827,357.96
148,4.5,9.51,-3.3143,1.0687,1.1281,423.88,101.25,0.075905,16.103,0.29678,1.1837,13.893,14.163,14.9,4.8827,350.6
148,5,9.42,0.8,1.0764,1.3541,428.44,101.26,0.033434,16.047,0.29684,1.1837,13.7,14.02,14.83,4.8827,350.35
148,5.5,9.4,26.114,1.0797,0.72399,441.49,101.26,0.11653,15.983,0.29684,1.1837,13.583,13.897,14.73,4.8827,352.12
148,6,9.98,104.29,1.1042,1.4156,420.56,101.25,0.11256,15.913,0.29678,1.1837,13.537,13.823,14.64,4.8827,359.05
148,6.5,11.72,201.26,1.1832,3.1464,398.96,101.25,0.32359,15.817,0.29666,1.1837,13.62,13.837,14.56,4.8827,372.05
148,7,12.59,303.43,1.2195,2.3401,406.37,101.24,0.22133,15.763,0.29648,1.1837,13.843,13.98,14.563,4.8827,379.78
148,7.5,13.39,410.4,1.2248,2.075,402.86,101.24,0.25933,15.727,0.2963,1.1837,14.12,14.18,14.62,4.8827,387.07
148,8,14.18,519.43,1.2334,2.1434,402.62,101.25,0.16894,15.697,0.2963,1.1837,14.443,14.423,14.713,4.8827,394.25
148,8.5,14.97,612,1.2621,1.5402,400.76,101.23,0.22267,15.693,0.29606,1.1837,14.793,14.713,14.843,4.8827,401.51
148,9,16.2,698.86,1.3019,1.7145,401.47,101.21,0.2537,15.683,0.29582,1.1837,15.173,15.037,14.997,4.8827,409.72
148,9.5,17.46,798.86,1.3595,2.2021,400.54,101.19,0.24341,15.7,0.29558,1.1837,15.637,15.417,15.19,4.8827,417.71
148,10,18.41,844,1.3688,1.8331,401.61,101.17,0.33242,15.707,0.2954,1.1837,16.147,15.833,15.41,4.8827,423.14
148,10.5,19.08,862.29,1.387,2.385,398.86,101.14,0.27977,15.747,0.29509,1.1837,16.713,16.307,15.677,4.8827,426.35
148,11,19.96,940.57,1.4252,3.1687,397.23,101.11,0.34792,15.803,0.29479,1.1837,17.317,16.81,15.98,4.8827,431.25
148,11.5,20.4,983.43,1.442,3.245,397.12,101.09,0.36079,15.873,0.29455,1.1837,17.917,17.327,16.3,4.8827,433.28
148,12,21.32,1008.6,1.4594,3.0276,397.08,101.06,0.35059,15.94,0.29425,1.1837,18.44,17.8,16.613,4.8827,438.33
148,12.5,21.96,889.71,1.4758,2.9025,396.02,101.03,0.337,16.03,0.29413,1.1837,18.82,18.197,16.923,4.8827,439.13
148,13,22.35,941.71,1.4729,1.6273,397.98,101,0.19833,16.127,0.29377,1.1837,19.193,18.56,17.22,4.8827,443.71
148,13.5,22.57,912,1.4958,2.4173,396.3,100.96,0.36596,16.243,0.29371,1.1837,19.613,18.943,17.52,4.8827,442.55
148,14,22.74,932.57,1.5232,3.0725,395.37,100.94,0.34676,16.373,0.29335,1.1837,19.893,19.253,17.813,4.8827,442.34
148,14.5,22.77,872.57,1.5099,4.2666,395.88,100.9,0.43409,16.5,0.29329,1.1837,20.043,19.453,18.05,4.8827,440.46
148,15,22.86,806.29,1.4898,4.6351,396.2,100.86,0.46248,16.637,0.29293,1.1837,20.11,19.587,18.263,4.8827,438.44
148,15.5,23.17,726.86,1.4948,4.3823,395.83,100.85,0.41739,16.76,0.29293,1.1837,20.143,19.657,18.417,4.8827,438.63
148,16,23.08,638.86,1.4432,4.9104,397,100.82,0.46556,16.887,0.29275,1.1837,20.087,19.667,18.537,4.8827,435.76
148,16.5,23.1,547.43,1.3791,4.6857,397.6,100.8,0.43238,17.007,0.29251,1.1837,19.963,19.61,18.607,4.8827,433.68
148,17,22.97,397.03,1.3613,4.412,400.15,100.79,0.4138,17.113,0.29251,1.1837,19.813,19.52,18.643,4.8827,429.7
148,17.5,22.09,236.74,1.3002,3.8641,400.84,100.78,0.36163,17.23,0.29251,1.1837,19.617,19.41,18.673,4.8827,421.09
148,18,21.93,253.26,1.256,4.5823,403.85,100.78,0.44287,17.297,0.29251,1.1837,19.37,19.207,18.617,4.8827,421.03
148,18.5,21.23,173.31,1.2696,4.4358,404.12,100.76,0.42623,17.37,0.29251,1.1837,19.177,19.043,18.567,4.8827,416.4
148,19,19.88,49.543,1.2815,3.5938,408.53,100.76,0.34321,17.453,0.29251,1.1837,18.973,18.91,18.53,4.8827,407.45
148,19.5,18.04,3.9429,1.3006,2.7291,416.26,100.78,0.25498,17.527,0.29251,1.1837,18.727,18.737,18.477,4.8827,395.15
148,20,17.12,-3.4286,1.2777,2.4656,418.13,100.77,0.22639,17.56,0.29257,1.1837,18.443,18.5,18.363,4.8827,390.73
148,20.5,16.39,-3.3714,1.2675,1.6655,422.29,100.79,0.11458,17.573,0.29263,1.1837,18.143,18.237,18.22,4.8827,383.35
148,21,15.6,-2.9143,1.2513,2.0991,425.15,100.82,0.12875,17.563,0.29281,1.1837,17.837,17.98,18.067,4.8827,378.86
148,21.5,15.87,-2.8,1.2186,2.2001,419.62,100.83,0.15084,17.54,0.29281,1.1837,17.573,17.72,17.897,4.8827,382.61
148,22,14.65,-3.1429,1.2538,2.0812,430.21,100.82,0.1324,17.54,0.29275,1.1837,17.37,17.537,17.773,4.8827,375.87
148,22.5,14.55,-2.7429,1.2547,1.9099,429.3,100.8,0.12288,17.517,0.29269,1.1837,17.167,17.343,17.63,4.8827,376.82
148,23,13.85,-2.5714,1.2327,1.6393,439.15,100.78,0.067006,17.5,0.29263,1.1837,16.983,17.177,17.51,4.8827,371.8
148,23.5,13.04,-2.9714,1.2094,0.6448,466.56,100.77,0.069028,17.477,0.29263,1.1837,16.73,16.967,17.38,4.8827,366.45
148,24,13.25,-1.6571,1.2246,0.36808,437.8,100.76,0.075115,17.447,0.29263,1.1837,16.467,16.74,17.233,4.8827,363.09
149,0.5,13.35,-1.7714,1.2204,0.64444,441.27,100.73,0.071988,17.403,0.29269,1.0061,16.203,16.5,17.073,5.1125,360.62
149,1,12.61,-2.9714,1.2459,1.2762,518.32,100.74,0.12792,17.337,0.29269,1.0061,15.963,16.26,16.897,5.1125,364.72
149,1.5,12.53,-2.5714,1.2843,1.2504,480.43,100.75,0.083741,17.287,0.29269,1.0061,15.81,16.1,16.75,5.1125,362.29
149,2,12.07,-2.6857,1.2432,0.95557,494.7,100.78,0.068721,17.233,0.29257,1.0061,15.667,15.95,16.613,5.1125,363.69
149,2.5,12.17,-2.3429,1.233,0.42149,499.86,100.78,0.071513,17.187,0.29239,1.0061,15.523,15.82,16.503,5.1125,358.49
149,3,12.08,-2.5143,1.1778,0.46878,500.25,100.77,0.06301,17.133,0.29233,1.0061,15.323,15.647,16.377,5.1125,355.36
149,3.5,11.08,-2,1.1447,1.1459,544.77,100.78,0.10959,17.077,0.29233,1.0061,15.14,15.477,16.243,5.1125,354.26
149,4,11.65,-1.4857,1.1997,0.6899,482.08,100.77,0.050996,17.003,0.29233,1.0061,14.947,15.29,16.1,5.1125,354.39
149,4.5,11.92,-1.5429,1.2129,0.25459,449.8,100.77,0.055936,16.95,0.29233,1.0061,14.783,15.137,15.97,5.1125,354.1
149,5,11.88,4.8571,1.2153,0.26939,439.46,100.77,0.037492,16.877,0.29227,1.0061,14.63,14.987,15.84,5.1125,354.17
149,5.5,12.08,54.571,1.2215,0.8693,433.02,100.76,0.047768,16.8,0.29203,1.0061,14.493,14.837,15.703,5.1125,358.57
149,6,12.92,103.26,1.2506,0.3495,524.45,100.77,0.11625,16.68,0.29191,1.0061,14.477,14.76,15.56,5.1125,371.8
149,6.5,12.91,134.34,1.3078,1.0548,460.32,100.78,0.1058,16.62,0.29185,1.0061,14.667,14.857,15.527,5.1125,378.04
149,7,14.88,321.26,1.3662,1.5314,414.47,100.77,0.18341,16.54,0.29185,1.0061,14.883,15,15.517,5.1125,391.22
149,7.5,16.33,412.11,1.3404,1.2156,411.51,100.79,0.13489,16.483,0.29179,1.0061,15.213,15.23,15.577,5.1125,399.73
149,8,18.37,522.86,1.3211,0.64991,412.31,100.79,0.13258,16.447,0.2915,1.0061,15.517,15.483,15.67,5.1125,409.56
149,8.5,19.11,624,1.329,1.0559,407.92,100.79,0.12097,16.427,0.29132,1.0061,15.89,15.787,15.803,5.1125,417.8
149,9,19.61,632.57,1.3759,1.4918,402.11,100.79,0.21297,16.437,0.29102,1.0061,16.353,16.167,15.997,5.1125,421.43
149,9.5,19.92,780,1.37,1.5624,406.19,100.78,0.17886,16.463,0.29072,1.0061,16.797,16.55,16.203,5.1125,426.11
149,10,20.81,838.29,1.3866,1.4955,404.52,100.77,0.18109,16.47,0.29048,1.0061,17.24,16.923,16.417,5.1125,432.68
149,10.5,21.52,893.14,1.3699,1.252,402.19,100.75,0.1649,16.51,0.29013,1.0061,17.743,17.353,16.673,5.1125,436.49
149,11,22.02,941.71,1.3735,1.7896,400.01,100.73,0.20058,16.563,0.28983,1.0061,18.287,17.807,16.95,5.1125,440.12
149,11.5,22.68,968.57,1.3535,1.6507,398.42,100.69,0.16699,16.633,0.28953,1.0061,18.77,18.24,17.243,5.1125,444.11
149,12,23.7,971.43,1.4057,1.1954,399.66,100.65,0.12916,16.7,0.28929,1.0061,19.287,18.69,17.533,5.1125,448.09
149,12.5,24.3,973.71,1.5299,1.45,399.01,100.61,0.22766,16.783,0.28894,1.0061,19.727,19.1,17.833,5.1125,452.17
149,13,24.87,969.71,1.5836,2.0166,399.54,100.57,0.173,16.88,0.28888,1.0061,20.18,19.52,18.14,5.1125,453.96
149,13.5,24.99,957.71,1.6162,3.0089,400.61,100.56,0.30107,16.997,0.28846,1.0061,20.57,19.91,18.447,5.1125,452.08
149,14,25.44,921.71,1.5486,3.3101,398.27,100.53,0.3658,17.117,0.28834,1.0061,20.847,20.217,18.73,5.1125,451.5
149,14.5,25.82,865.71,1.4962,3.0966,395.89,100.49,0.33116,17.233,0.28805,1.0061,21.033,20.437,18.977,5.1125,451.63
149,15,25.77,800,1.5236,3.602,397.12,100.46,0.37346,17.367,0.28793,1.0061,21.163,20.603,19.19,5.1125,449.5
149,15.5,25.36,722.29,1.5128,4.1919,401.09,100.44,0.37559,17.507,0.28764,1.0061,21.207,20.7,19.367,5.1125,446.1
149,16,25.17,633.71,1.4622,4.4419,399.02,100.43,0.48348,17.633,0.28764,1.0061,21.11,20.68,19.477,5.1125,443.13
149,16.5,24.92,541.14,1.4245,4.8036,402.62,100.43,0.49052,17.753,0.28734,1.0061,20.963,20.607,19.547,5.1125,440.14
149,17,24.75,442.29,1.3829,4.17,401.72,100.45,0.43211,17.853,0.28728,1.0061,20.79,20.493,19.567,5.1125,437.53
149,17.5,24.45,340.29,1.3843,4.1004,403.7,100.47,0.442,17.943,0.28728,1.0061,20.607,20.36,19.56,5.1125,434.51
149,18,23.91,242.69,1.3796,3.8486,405.65,100.46,0.36134,18.03,0.28728,1.0061,20.433,20.223,19.537,5.1125,429.65
149,18.5,22.9,159.43,1.3717,3.0331,406.34,100.47,0.28846,18.11,0.28728,1.0061,20.23,20.073,19.503,5.1125,422.12
149,19,21.65,64.8,1.4152,2.5498,411.47,100.48,0.21361,18.183,0.28728,1.0061,20.01,19.917,19.457,5.1125,411.56
149,19.5,19.72,6.5143,1.3853,2.806,417.5,100.51,0.2393,18.253,0.28728,1.0061,19.743,19.73,19.397,5.1125,403.18
149,20,17.41,-4.6286,1.363,1.6924,429.39,100.53,0.11281,18.303,0.28734,1.0061,19.393,19.477,19.287,5.1125,387.74
149,20.5,16.13,-3.9429,1.3093,1.4242,427.24,100.57,0.1258,18.327,0.28734,1.0061,18.957,19.12,19.12,5.1125,381.29
149,21,15.49,-3.3143,1.2874,2.0315,426.17,100.62,0.16326,18.3,0.2874,1.0061,18.563,18.76,18.903,5.1125,377.19
149,21.5,14.68,-3.7143,1.2607,1.331,425.82,100.63,0.12228,18.27,0.28746,1.0061,18.257,18.457,18.703,5.1125,376.79
149,22,13.85,-3.4857,1.2198,1.4419,445.44,100.62,0.055498,18.26,0.28746,1.0061,17.933,18.183,18.527,5.1125,369.82
149,22.5,12.85,-3.0286,1.1945,2.4754,420.52,100.61,0.21156,18.227,0.2874,1.0061,17.617,17.883,18.323,5.1125,370.47
149,23,12.45,-3.3714,1.1693,1.0249,422.68,100.62,0.11914,18.177,0.2874,1.0061,17.403,17.66,18.14,5.1125,367.81
149,23.5,12.09,-3.2,1.1462,0.44634,426.97,100.64,0.038669,18.147,0.28746,1.0061,17.127,17.427,17.98,5.1125,361.44
149,24,11.8,-2.8571,1.1203,0.52956,441.84,100.64,0.069104,18.103,0.28746,1.0061,16.797,17.147,17.8,5.1125,357.11
150,0.5,11.41,-2.2857,1.1174,0.77635,429.75,100.66,0.054061,18.03,0.28746,1.0238,16.483,16.853,17.587,5.1863,356.44
150,1,11.32,-2.2857,1.1135,0.83132,434.33,100.66,0.072737,17.963,0.28746,1.0238,16.203,16.587,17.39,5.1863,354.63
150,1.5,11.71,-2.7429,1.1357,0.35388,416.09,100.66,0.02555,17.893,0.28716,1.0238,15.947,16.34,17.197,5.1863,352.62
150,2,11.11,-2.7429,1.106,0.54229,451.81,100.66,0.064652,17.83,0.2871,1.0238,15.693,16.113,17.023,5.1863,349.27
150,2.5,10.46,-2.4,1.0971,0.37199,449.6,100.66,0.044755,17.753,0.2871,1.0238,15.427,15.863,16.833,5.1863,348.25
150,3,10.22,-2.6857,1.0897,1.6065,461.31,100.68,0.12876,17.65,0.2871,1.0238,15.17,15.61,16.627,5.1863,351.27
150,3.5,10.15,-2.6857,1.0933,0.39497,432.25,100.68,0.079693,17.553,0.28687,1.0238,15.053,15.453,16.45,5.1863,351.06
150,4,10.17,-2.4571,1.0935,1.6754,424.09,100.67,0.071622,17.48,0.28675,1.0238,14.91,15.31,16.31,5.1863,351.97
150,4.5,10.06,-2.8571,1.1002,1.4083,420.67,100.68,0.09471,17.38,0.28675,1.0238,14.81,15.183,16.163,5.1863,354.77
150,5,9.82,1.6,1.0875,1.6286,419.04,100.72,0.11517,17.3,0.28675,1.0238,14.75,15.1,16.053,5.1863,354.99
150,5.5,10.01,38.971,1.0978,0.90889,432.54,100.74,0.077147,17.213,0.28663,1.0238,14.683,15.023,15.95,5.1863,356.29
150,6,11.07,115.66,1.1663,1.1459,422.63,100.77,0.074754,17.11,0.2864,1.0238,14.637,14.95,15.84,5.1863,364.75
150,6.5,13,201.09,1.2601,0.58837,419.82,100.79,0.019729,16.993,0.28628,1.0238,14.73,14.973,15.753,5.1863,377.35
150,7,13.84,297.89,1.2741,1.6179,412.75,100.79,0.14503,16.923,0.28622,1.0238,14.98,15.133,15.753,5.1863,385.04
150,7.5,14.62,406.29,1.2507,1.2156,401.26,100.82,0.11224,16.873,0.28622,1.0238,15.263,15.34,15.807,5.1863,391.91
150,8,15.56,506.86,1.2612,0.98849,400.6,100.83,0.14368,16.823,0.28598,1.0238,15.55,15.56,15.89,5.1863,398.72
150,8.5,16.52,605.71,1.2858,0.97068,400.06,100.85,0.12738,16.8,0.28569,1.0238,15.863,15.827,16,5.1863,406.76
150,9,17.07,696.57,1.2787,1.4682,398.63,100.85,0.24348,16.783,0.28569,1.0238,16.247,16.143,16.147,5.1863,411.9
150,9.5,17.58,776.57,1.3195,1.6615,397.17,100.85,0.22385,16.78,0.28546,1.0238,16.647,16.477,16.32,5.1863,416.41
150,10,18.3,846.86,1.3453,1.983,396.05,100.84,0.25846,16.793,0.28516,1.0238,17.097,16.847,16.517,5.1863,421.64
150,10.5,19.04,902.86,1.3657,2.2677,395.59,100.83,0.29107,16.82,0.28487,1.0238,17.57,17.243,16.747,5.1863,426.35
150,11,19.61,943.43,1.3458,1.9716,398.34,100.82,0.22827,16.857,0.28452,1.0238,18.08,17.673,17.003,5.1863,430.19
150,11.5,20.4,970.29,1.3761,2.0223,397.86,100.79,0.23339,16.903,0.28428,1.0238,18.56,18.093,17.267,5.1863,434.58
150,12,21.35,988,1.4283,2.0609,399.06,100.74,0.22549,16.957,0.28411,1.0238,19.047,18.523,17.543,5.1863,439.31
150,12.5,21.87,992,1.4328,2.097,398.9,100.71,0.22352,17.033,0.28376,1.0238,19.507,18.943,17.84,5.1863,441.33
150,13,22.49,982.86,1.4188,2.1279,400.17,100.68,0.23554,17.113,0.28364,1.0238,19.963,19.36,18.133,5.1863,443.5
150,13.5,22.85,957.71,1.4249,2.5239,398.36,100.64,0.22767,17.213,0.28335,1.0238,20.347,19.737,18.433,5.1863,443.49
150,14,23.24,921.71,1.4395,2.4143,397.03,100.61,0.20176,17.323,0.28317,1.0238,20.557,20,18.693,5.1863,444.08
150,14.5,23.44,868.57,1.4498,2.6673,395.55,100.6,0.28367,17.427,0.28294,1.0238,20.76,20.22,18.923,5.1863,444.15
150,15,23.25,800,1.4692,3.5941,393.83,100.6,0.3834,17.557,0.28288,1.0238,20.923,20.417,19.14,5.1863,440.05
150,15.5,22.89,732.57,1.4493,4.2802,393.84,100.59,0.41532,17.687,0.28253,1.0238,20.903,20.47,19.3,5.1863,436.01
150,16,22.2,628.57,1.3726,4.7757,395.05,100.59,0.46298,17.807,0.28253,1.0238,20.763,20.42,19.397,5.1863,430.21
150,16.5,21.61,426.23,1.3919,4.165,395.74,100.6,0.43456,17.923,0.28253,1.0238,20.537,20.287,19.443,5.1863,423.62
150,17,21.42,530.29,1.386,5.5562,399.01,100.59,0.54774,17.983,0.28247,1.0238,20.343,20.113,19.403,5.1863,425.26
150,17.5,20.57,390.23,1.3798,5.6334,400.71,100.57,0.55399,18.077,0.28224,1.0238,20.18,20.007,19.397,5.1863,419.17
150,18,19.89,244.57,1.338,5.3442,402.37,100.58,0.5202,18.153,0.28218,1.0238,19.93,19.823,19.353,5.1863,413.12
150,18.5,18.75,108.91,1.2898,5.0288,405.08,100.6,0.51022,18.223,0.28241,1.0238,19.64,19.62,19.293,5.1863,405.37
150,19,17.92,61.829,1.275,4.5133,406.97,100.63,0.4236,18.267,0.28253,1.0238,19.32,19.363,19.18,5.1863,400.36
150,19.5,17.31,14.514,1.2883,3.2874,410.17,100.66,0.31832,18.29,0.28253,1.0238,19.053,19.113,19.043,5.1863,396.55
150,20,16.48,-2.1714,1.3173,2.6963,413.75,100.71,0.26772,18.313,0.28253,1.0238,18.83,18.917,18.923,5.1863,391.08
150,20.5,16.03,-2.7429,1.299,3.4474,412.64,100.77,0.32766,18.29,0.28259,1.0238,18.567,18.68,18.777,5.1863,389.68
150,21,15.38,-3.1429,1.3185,2.0048,419.69,100.74,0.1759,18.283,0.28259,1.0238,18.353,18.48,18.643,5.1863,384.59
150,21.5,15.31,-2.3429,1.3513,2.5027,420.65,100.74,0.26134,18.27,0.28265,1.0238,18.147,18.293,18.51,5.1863,383.76
150,22,15.13,-3.5429,1.3446,2.8854,420.53,100.73,0.29831,18.233,0.28265,1.0238,17.973,18.11,18.37,5.1863,384.04
150,22.5,13.92,-3.4286,1.3046,2.585,421.25,100.72,0.26627,18.223,0.28265,1.0238,17.827,17.973,18.27,5.1863,378.62
150,23,13.84,-2.7429,1.2678,3.5817,417.28,100.72,0.3636,18.187,0.28265,1.0238,17.627,17.8,18.15,5.1863,378.89
150,23.5,13.52,-2.8,1.2123,4.5751,417.86,100.75,0.48583,18.147,0.28265,1.0238,17.41,17.61,18.013,5.1863,378.28
150,24,12.98,-2.9714,1.2017,3.253,422.16,100.75,0.33119,18.113,0.28259,1.0238,17.227,17.437,17.89,5.1863,374.93
151,0.5,12.7,-3.0286,1.2121,3.0396,422.25,100.74,0.34165,18.073,0.28235,0.85746,17.073,17.287,17.77,5.2015,373.2
151,1,12.74,-2.9143,1.2153,3.5546,420.98,100.73,0.37703,18.023,0.28224,0.85746,16.923,17.14,17.643,5.2015,373.72
151,1.5,12.72,-2.8571,1.2196,3.6445,419.63,100.73,0.37646,17.97,0.28224,0.85746,16.787,17,17.53,5.2015,373.81
151,2,12.39,-2.9714,1.2194,2.3104,419.7,100.76,0.26582,17.927,0.28224,0.85746,16.69,16.897,17.43,5.2015,371.7
151,2.5,12.16,-2.5714,1.2209,2.2869,421.93,100.75,0.24372,17.877,0.28224,0.85746,16.597,16.807,17.337,5.2015,370.75
151,3,11.78,-2.8571,1.2031,2.7288,421.06,100.76,0.27986,17.83,0.28224,0.85746,16.477,16.693,17.24,5.2015,369.27
151,3.5,11.44,-2.5143,1.1939,2.2952,421.75,100.76,0.23721,17.78,0.28212,0.85746,16.353,16.583,17.15,5.2015,367.95
151,4,11.65,-1.6,1.2065,2.2115,421.18,100.75,0.22018,17.727,0.28195,0.85746,16.253,16.473,17.06,5.2015,369.17
151,4.5,11.59,-2.9143,1.1867,1.9352,424.71,100.74,0.19004,17.673,0.28189,0.85746,16.17,16.387,16.967,5.2015,367.59
151,5,11.08,1.4286,1.1565,2.2116,425,100.74,0.20856,17.627,0.28189,0.85746,16.063,16.297,16.897,5.2015,365.11
151,5.5,11.11,43.886,1.1602,2.1608,423.33,100.75,0.21134,17.567,0.28189,0.85746,15.937,16.177,16.797,5.2015,365.91
151,6,12.09,122.86,1.2026,2.2381,415.76,100.77,0.26025,17.487,0.28189,0.85746,15.87,16.083,16.697,5.2015,372.27
151,6.5,13.44,212.74,1.2522,2.4932,413.99,100.77,0.28948,17.42,0.28183,0.85746,15.903,16.073,16.623,5.2015,381.17
151,7,14.64,314.11,1.3081,2.9175,412.25,100.78,0.32791,17.36,0.28171,0.85746,16.03,16.143,16.597,5.2015,389.66
151,7.5,15.56,419.03,1.3396,2.7487,409.99,100.79,0.29642,17.32,0.28142,0.85746,16.237,16.293,16.62,5.2015,396.85
151,8,16.64,521.71,1.3721,2.4487,407.4,100.78,0.30911,17.3,0.28137,0.85746,16.503,16.493,16.697,5.2015,404.87
151,8.5,17.79,618.86,1.3944,2.4588,407.44,100.77,0.25093,17.287,0.28125,0.85746,16.833,16.75,16.797,5.2015,412.39
151,9,19.31,708,1.4319,2.3538,404.84,100.75,0.27166,17.263,0.28096,0.85746,17.203,17.043,16.92,5.2015,420.84
151,9.5,20.88,785.14,1.4624,2.622,400.79,100.73,0.26339,17.267,0.28084,0.85746,17.64,17.407,17.093,5.2015,429.08
151,10,21.91,853.14,1.4608,2.9811,398.12,100.72,0.3014,17.287,0.28055,0.85746,18.133,17.813,17.317,5.2015,433.95
151,10.5,22.72,905.71,1.446,2.9406,397.98,100.7,0.2934,17.327,0.28026,0.85746,18.66,18.26,17.57,5.2015,438.74
151,11,23.41,946.29,1.4403,2.4784,396.79,100.69,0.30037,17.373,0.27997,0.85746,19.193,18.717,17.853,5.2015,443.82
151,11.5,23.92,969.71,1.5046,2.8988,397.89,100.67,0.32798,17.437,0.27974,0.85746,19.757,19.203,18.153,5.2015,447.26
151,12,24.44,990.86,1.5247,3.1124,397.96,100.64,0.31978,17.52,0.2794,0.85746,20.307,19.697,18.477,5.2015,449.05
151,12.5,24.86,997.14,1.5126,3.0031,396.18,100.61,0.30871,17.603,0.27922,0.85746,20.823,20.167,18.793,5.2015,451.56
151,13,25.8,986.29,1.5077,2.6042,394.89,100.57,0.30698,17.697,0.27899,0.85746,21.187,20.543,19.097,5.2015,455.83
151,13.5,26.23,965.71,1.4791,3.059,394.45,100.54,0.29834,17.81,0.27859,0.85746,21.567,20.903,19.403,5.2015,455.75
151,14,26.77,926.29,1.4598,2.7677,394.26,100.52,0.32725,17.927,0.27842,0.85746,21.937,21.273,19.707,5.2015,457.24
151,14.5,27.09,869.14,1.4872,2.8279,393.91,100.5,0.33693,18.05,0.27819,0.85746,22.087,21.483,19.957,5.2015,457.64
151,15,27.49,798.29,1.4697,2.5484,394.32,100.47,0.27682,18.187,0.27796,0.85746,22.173,21.62,20.157,5.2015,457.93
151,15.5,27.58,720.57,1.483,2.6139,394.09,100.44,0.27574,18.317,0.27778,0.85746,22.27,21.74,20.333,5.2015,456.22
151,16,27.76,633.71,1.5211,2.3451,392.51,100.41,0.25803,18.443,0.27778,0.85746,22.223,21.757,20.453,5.2015,455.51
151,16.5,27.58,538.29,1.4878,2.7093,395.21,100.41,0.26113,18.56,0.2775,0.85746,22.167,21.75,20.543,5.2015,452.23
151,17,26.96,443.14,1.5485,2.9977,397.11,100.39,0.29018,18.68,0.27738,0.85746,22.057,21.693,20.607,5.2015,447.21
151,17.5,25.89,326,1.62,3.5739,401.84,100.39,0.36929,18.79,0.27738,0.85746,21.893,21.593,20.637,5.2015,441.61
151,18,24.38,142.8,1.5638,4.1944,401.15,100.4,0.38464,18.92,0.27744,0.85746,21.657,21.463,20.65,5.2015,431.67
151,18.5,24.19,194.86,1.5624,3.8541,401.36,100.42,0.35828,18.963,0.27761,0.85746,21.343,21.19,20.55,5.2015,432.13
151,19,23.2,92.057,1.5122,3.6408,407.59,100.44,0.3391,19.017,0.27784,0.85746,21.13,21,20.47,5.2015,425.59
151,19.5,21.94,18.457,1.4613,3.3473,413.28,100.43,0.32835,19.09,0.27784,0.85746,20.873,20.817,20.4,5.2015,417.86
151,20,20.87,-1.9429,1.4031,3.0699,416.59,100.45,0.31479,19.13,0.27784,0.85746,20.59,20.59,20.297,5.2015,412.13
151,20.5,20.32,-3.4286,1.321,2.8744,420.27,100.47,0.30549,19.14,0.27784,0.85746,20.283,20.323,20.153,5.2015,407.51
151,21,19.44,-4.1143,1.3108,1.5958,437.55,100.5,0.12642,19.157,0.27784,0.85746,20,20.077,20.013,5.2015,397.54
151,21.5,18.03,-3.4857,1.3274,1.4168,451.47,100.51,0.1378,19.177,0.2779,0.85746,19.667,19.813,19.87,5.2015,386.49
151,22,17.6,-1.8857,1.3175,1.3175,438.07,100.53,0.056026,19.14,0.27796,0.85746,19.343,19.51,19.677,5.2015,386.97
151,22.5,18.38,-1.4857,1.2868,0.50287,457.22,100.53,0.089329,19.097,0.27796,0.85746,19.083,19.247,19.483,5.2015,388.17
151,23,17.81,-2.7429,1.277,1.7766,456.14,100.52,0.097608,19.073,0.27796,0.85746,18.873,19.047,19.33,5.2015,384.18
151,23.5,16.05,-3.6,1.2699,1.9537,466.41,100.52,0.10625,19.04,0.2779,0.85746,18.62,18.823,19.177,5.2015,380.04
151,24,14.87,-2.6286,1.28,1.7673,469.83,100.49,0.080077,19.01,0.2779,0.85746,18.387,18.617,19.027,5.2015,376.29
152,0.5,14.87,-2.5143,1.2415,1.5122,450.63,100.46,0.10313,18.95,0.2779,1.3655,18.15,18.39,18.86,5.2929,373.88
152,1,14.23,-3.1429,1.239,1.7391,445.15,100.43,0.10863,18.893,0.2779,1.3655,17.913,18.167,18.69,5.2929,373.31
152,1.5,13.28,-2.9714,1.2666,1.724,454.03,100.42,0.086465,18.84,0.2779,1.3655,17.71,17.973,18.54,5.2929,371.28
152,2,13.38,-2.6286,1.2442,1.3204,467.88,100.4,0.064584,18.777,0.27778,1.3655,17.477,17.76,18.38,5.2929,367.48
152,2.5,12.52,-2.4,1.1965,1.7019,454.75,100.39,0.091044,18.713,0.27755,1.3655,17.243,17.55,18.22,5.2929,365.59
152,3,12.85,-2.1143,1.1871,2.1776,440.66,100.37,0.13336,18.633,0.27755,1.3655,17.07,17.353,18.05,5.2929,369.02
152,3.5,13.09,-2.4571,1.1902,1.6683,445.36,100.36,0.10647,18.56,0.27755,1.3655,16.943,17.213,17.907,5.2929,368.75
152,4,12.69,-2.8571,1.1923,1.3172,467.73,100.36,0.15778,18.497,0.27755,1.3655,16.823,17.093,17.79,5.2929,366.66
152,4.5,12.09,-2.8,1.211,1.2119,481.28,100.39,0.082184,18.43,0.27744,1.3655,16.683,16.963,17.673,5.2929,364.51
152,5,11.99,2.9714,1.2101,1.0364,467.46,100.39,0.054777,18.36,0.27721,1.3655,16.5,16.803,17.547,5.2929,362.87
152,5.5,12.28,45.257,1.1792,1.24,475.01,100.4,0.057503,18.28,0.27721,1.3655,16.33,16.64,17.413,5.2929,365
152,6,13.68,123.26,1.2719,1.8097,438.18,100.43,0.15479,18.17,0.27715,1.3655,16.25,16.52,17.26,5.2929,376.48
152,6.5,15.37,209.89,1.3374,1.1356,417.36,100.45,0.13245,18.073,0.27715,1.3655,16.363,16.54,17.177,5.2929,388.75
152,7,16.58,308.63,1.3751,1.9532,419.97,100.45,0.25176,18,0.27709,1.3655,16.577,16.677,17.163,5.2929,397.61
152,7.5,17.67,414.4,1.426,2.1429,414.47,100.45,0.25615,17.96,0.27681,1.3655,16.86,16.897,17.227,5.2929,405.81
152,8,19.4,516.57,1.4935,2.011,413,100.45,0.20991,17.92,0.27664,1.3655,17.163,17.133,17.3,5.2929,416.56
152,8.5,20.8,610.29,1.5298,1.7053,413.12,100.45,0.22021,17.877,0.27646,1.3655,17.54,17.43,17.417,5.2929,425.92
152,9,21.76,697.71,1.562,1.9694,411.82,100.44,0.27393,17.877,0.27623,1.3655,18.003,17.807,17.587,5.2929,431.94
152,9.5,22.55,776,1.5535,1.7004,410.14,100.42,0.1097,17.887,0.27606,1.3655,18.477,18.203,17.803,5.2929,437.57
152,10,23.59,844,1.5201,1.808,406.45,100.42,0.23065,17.907,0.27572,1.3655,18.967,18.627,18.043,5.2929,443.27
152,10.5,24.51,895.43,1.589,1.6374,405.91,100.41,0.21727,17.947,0.27543,1.3655,19.497,19.073,18.31,5.2929,450.27
152,11,26.01,935.43,1.5562,0.97542,405.03,100.39,0.23766,17.993,0.27521,1.3655,20.033,19.54,18.6,5.2929,455.84
152,11.5,26.54,958.86,1.5679,1.7438,403.66,100.37,0.18198,18.06,0.27492,1.3655,20.56,20.01,18.907,5.2929,459.55
152,12,26.81,977.14,1.6304,1.5452,400.71,100.35,0.27917,18.15,0.27469,1.3655,21.117,20.51,19.237,5.2929,461.66
152,12.5,26.85,985.14,1.647,2.3714,399.23,100.34,0.34069,18.243,0.27441,1.3655,21.627,20.987,19.573,5.2929,460.42
152,13,27.75,969.71,1.585,1.6407,399.13,100.31,0.20865,18.343,0.27424,1.3655,22.02,21.37,19.877,5.2929,464.05
152,13.5,28.22,946.29,1.6498,2.223,395.81,100.29,0.27957,18.44,0.27395,1.3655,22.34,21.693,20.16,5.2929,465.75
152,14,28.41,913.71,1.5373,2.3077,396.43,100.26,0.28043,18.573,0.27384,1.3655,22.703,22.05,20.457,5.2929,464.88
152,14.5,28,864.57,1.5966,3.4212,396.51,100.23,0.32576,18.703,0.2735,1.3655,22.887,22.273,20.707,5.2929,460.69
152,15,27.71,801.14,1.5988,3.9644,396.18,100.19,0.42231,18.843,0.2735,1.3655,22.863,22.34,20.893,5.2929,457.71
152,15.5,27.39,725.71,1.5706,4.6472,397.57,100.17,0.47125,18.973,0.27316,1.3655,22.763,22.323,21.017,5.2929,454.39
152,16,27.15,638.29,1.5615,4.5795,398.5,100.17,0.44845,19.083,0.27316,1.3655,22.627,22.243,21.077,5.2929,452.52
152,16.5,26.61,541.71,1.62,4.2178,399.79,100.18,0.45695,19.187,0.27316,1.3655,22.473,22.143,21.107,5.2929,449.82
152,17,25.94,444.51,1.5394,5.3612,401.14,100.17,0.54597,19.293,0.27299,1.3655,22.317,22.037,21.117,5.2929,444.9
152,17.5,25.02,344.8,1.557,5.1462,401.12,100.18,0.51471,19.383,0.27293,1.3655,22.083,21.867,21.093,5.2929,440.13
152,18,23.98,258.06,1.5627,5.4528,400.4,100.21,0.55401,19.463,0.27299,1.3655,21.837,21.683,21.04,5.2929,434.39
152,18.5,23.04,190.8,1.5174,4.993,401.06,100.23,0.53638,19.517,0.27316,1.3655,21.573,21.47,20.96,5.2929,428.75
152,19,21.65,112.63,1.4615,4.4798,404.42,100.26,0.46572,19.57,0.27316,1.3655,21.323,21.263,20.867,5.2929,421.01
152,19.5,20.34,32.286,1.4064,3.8056,408.57,100.27,0.38166,19.613,0.27316,1.3655,21.047,21.047,20.763,5.2929,413.11
152,20,19.29,0.8,1.3776,3.3586,409.1,100.29,0.34183,19.633,0.27316,1.3655,20.743,20.793,20.633,5.2929,407.8
152,20.5,18.7,-1.8857,1.3881,2.2874,416.7,100.34,0.21902,19.63,0.27322,1.3655,20.45,20.53,20.477,5.2929,402.88
152,21,18.53,-1.8857,1.3467,2.7382,418.42,100.36,0.2523,19.62,0.27316,1.3655,20.19,20.277,20.307,5.2929,402.53
152,21.5,18.06,-1.6571,1.3086,3.0932,415.33,100.39,0.33483,19.603,0.27316,1.3655,19.97,20.073,20.167,5.2929,401.08
152,22,17.38,-2.0571,1.2928,2.4947,421.73,100.4,0.2541,19.573,0.27322,1.3655,19.747,19.87,20.027,5.2929,397.65
152,22.5,16.75,-1.3143,1.2955,2.7675,429.36,100.38,0.27476,19.547,0.27322,1.3655,19.563,19.69,19.887,5.2929,395.47
152,23,16.01,-1.8286,1.2968,2.6203,420.73,100.43,0.23663,19.517,0.27322,1.3655,19.373,19.513,19.757,5.2929,391.74
152,23.5,14.88,-2.4571,1.2661,3.2382,417.15,100.44,0.35094,19.483,0.27322,1.3655,19.16,19.33,19.623,5.2929,386.69
152,24,13.83,-2.8,1.2509,4.0811,411.62,100.45,0.43401,19.45,0.27327,1.3655,18.913,19.123,19.493,5.2929,380.94
153,0.5,13.32,-2.8,1.2684,3.4303,412.7,100.4,0.35824,19.397,0.27327,0.8733,18.67,18.893,19.33,5.4934,378.11
153,1,13.1,-2.6857,1.288,3.0642,408.67,100.39,0.32312,19.34,0.27327,0.8733,18.463,18.683,19.17,5.4934,376.58
153,1.5,12.75,-3.1429,1.2691,2.9843,408.25,100.41,0.33648,19.28,0.27305,0.8733,18.273,18.5,19.017,5.4934,374.58
153,2,12.34,-2.8571,1.2541,3.1854,405.56,100.43,0.3541,19.22,0.27293,0.8733,18.093,18.327,18.88,5.4934,372.93
153,2.5,12.14,-2.7429,1.2433,3.7203,402.62,100.44,0.39317,19.157,0.27288,0.8733,17.91,18.153,18.73,5.4934,372.1
153,3,11.96,-2.6857,1.2371,3.6759,399.92,100.45,0.35483,19.09,0.27288,0.8733,17.723,17.977,18.59,5.4934,371.54
153,3.5,11.96,-2.5143,1.2496,3.5313,402.61,100.45,0.38641,19.023,0.27288,0.8733,17.58,17.833,18.46,5.4934,371.35
153,4,12.1,-2.5143,1.2485,4.1763,402.95,100.46,0.46105,18.95,0.27271,0.8733,17.433,17.687,18.33,5.4934,372.17
153,4.5,11.87,-2.6857,1.2311,3.557,403.21,100.48,0.39071,18.887,0.27254,0.8733,17.317,17.563,18.217,5.4934,371.12
153,5,11.67,2,1.2259,2.8353,402.94,100.5,0.30807,18.823,0.27254,0.8733,17.22,17.46,18.11,5.4934,370.16
153,5.5,12.03,44.114,1.2442,2.618,403.95,100.53,0.27702,18.75,0.27254,0.8733,17.127,17.36,18,5.4934,372.01
153,6,12.7,120.4,1.2752,3.1177,402.18,100.55,0.36659,18.663,0.27248,0.8733,17.063,17.277,17.9,5.4934,376.77
153,6.5,13.46,211.66,1.2893,4.3641,401.3,100.57,0.51306,18.587,0.27242,0.8733,17.06,17.24,17.823,5.4934,382.71
153,7,13.91,311.37,1.2974,4.4984,400.14,100.6,0.52292,18.53,0.27214,0.8733,17.093,17.25,17.78,5.4934,387.16
153,7.5,14.61,414.57,1.3267,4.3601,399.34,100.62,0.47641,18.473,0.27208,0.8733,17.19,17.307,17.76,5.4934,392.82
153,8,15.16,514.86,1.3497,4.3308,398.45,100.65,0.53512,18.427,0.27208,0.8733,17.367,17.427,17.773,5.4934,397.97
153,8.5,15.9,610.29,1.3821,4.1097,398.08,100.66,0.48046,18.393,0.27175,0.8733,17.61,17.617,17.837,5.4934,403.85
153,9,16.63,697.71,1.4088,3.5483,396.7,100.66,0.42738,18.383,0.27163,0.8733,17.91,17.85,17.927,5.4934,409.58
153,9.5,17.42,776.57,1.4422,3.1941,396.36,100.64,0.37266,18.35,0.27158,0.8733,18.26,18.127,18.04,5.4934,415.82
153,10,18.52,841.14,1.4778,2.6859,396.42,100.63,0.29045,18.337,0.27129,0.8733,18.673,18.467,18.193,5.4934,423.37
153,10.5,19.32,895.43,1.5074,2.8131,395.68,100.64,0.35008,18.347,0.27124,0.8733,19.167,18.873,18.407,5.4934,428.42
153,11,20.09,936.57,1.5199,3.1729,394.54,100.64,0.37004,18.38,0.27101,0.8733,19.667,19.307,18.66,5.4934,432.05
153,11.5,20.75,966.29,1.5442,4.0576,392.02,100.64,0.43714,18.423,0.27084,0.8733,20.15,19.733,18.93,5.4934,433.72
153,12,21.3,984.57,1.5401,4.0442,390.78,100.63,0.43972,18.48,0.27051,0.8733,20.547,20.107,19.2,5.4934,436
153,12.5,21.89,989.14,1.5414,4.1183,391.75,100.61,0.43079,18.543,0.27051,0.8733,20.917,20.45,19.453,5.4934,439.22
153,13,22.54,980.57,1.5742,4.3672,392.39,100.59,0.46788,18.61,0.27023,0.8733,21.333,20.823,19.717,5.4934,441.4
153,13.5,22.85,959.43,1.5351,4.4418,392.79,100.55,0.45641,18.707,0.27011,0.8733,21.743,21.197,20,5.4934,441.75
153,14,23.33,921.71,1.5631,4.9151,392.56,100.51,0.525,18.8,0.26994,0.8733,22,21.48,20.257,5.4934,442.34
153,14.5,23.26,869.71,1.5511,5.8663,395.31,100.48,0.56844,18.903,0.26972,0.8733,21.933,21.523,20.413,5.4934,440.25
153,15,23.22,814.86,1.5545,5.8382,394.85,100.45,0.62036,19.01,0.26972,0.8733,21.877,21.523,20.523,5.4934,439.64
153,15.5,22.89,697.71,1.5235,5.9826,394.47,100.45,0.61247,19.103,0.26938,0.8733,21.817,21.507,20.593,5.4934,435.91
153,16,22.81,626.86,1.5094,6.0424,394.07,100.46,0.63538,19.19,0.26933,0.8733,21.66,21.41,20.62,5.4934,434.07
153,16.5,22.5,536,1.4764,6.6174,394,100.47,0.69383,19.27,0.26933,0.8733,21.47,21.28,20.617,5.4934,430.98
153,17,22.19,465.71,1.5084,6.1283,393.67,100.48,0.62729,19.33,0.26933,0.8733,21.297,21.137,20.58,5.4934,429.56
153,17.5,21.52,311.83,1.4794,5.5281,394.46,100.5,0.6163,19.397,0.26933,0.8733,21.113,21.007,20.547,5.4934,423.58
153,18,20.93,264.23,1.4474,5.4563,396.02,100.53,0.58738,19.437,0.26933,0.8733,20.9,20.827,20.47,5.4934,419.87
153,18.5,19.76,169.37,1.3931,5.2359,398.55,100.54,0.54584,19.48,0.26933,0.8733,20.667,20.643,20.397,5.4934,412.49
153,19,18.31,110.4,1.3184,5.6064,399.02,100.54,0.59369,19.517,0.26933,0.8733,20.383,20.433,20.307,5.4934,405.19
153,19.5,17.31,33.143,1.2926,4.4299,402.15,100.57,0.50903,19.53,0.26933,0.8733,20.083,20.18,20.173,5.4934,398.96
153,20,16.4,-0.22857,1.2694,4.7188,405.07,100.57,0.51842,19.533,0.26933,0.8733,19.783,19.92,20.027,5.4934,394.42
153,20.5,16.02,-2.2286,1.2487,4.8178,405.36,100.58,0.4973,19.5,0.26938,0.8733,19.467,19.64,19.853,5.4934,391.46
153,21,15.56,-2.4571,1.2384,5.0685,403.88,100.63,0.50102,19.467,0.26938,0.8733,19.167,19.36,19.667,5.4934,389.62
153,21.5,15.02,-2.6286,1.2387,5.0286,404.14,100.66,0.53815,19.43,0.26944,0.8733,18.913,19.127,19.507,5.4934,386.44
153,22,14.42,-2.8,1.2475,5.0693,404.52,100.66,0.54822,19.393,0.26944,0.8733,18.683,18.907,19.34,5.4934,383.51
153,22.5,14.04,-2.6286,1.2435,4.7099,404.94,100.65,0.49108,19.347,0.26944,0.8733,18.463,18.693,19.18,5.4934,381.85
153,23,13.62,-2.7429,1.2336,3.454,406.49,100.68,0.40849,19.297,0.26944,0.8733,18.277,18.503,19.027,5.4934,378.93
153,23.5,13.46,-2.6857,1.243,2.3253,408.48,100.7,0.29265,19.24,0.26938,0.8733,18.127,18.35,18.887,5.4934,377.11
153,24,13.19,-2.4,1.2334,2.3611,409.27,100.71,0.25234,19.18,0.26922,0.8733,17.993,18.213,18.757,5.4934,375.55
154,0.5,12.87,-2.2857,1.2302,1.8608,410.82,100.72,0.22383,19.117,0.26905,1.226,17.863,18.083,18.633,5.4052,374.25
154,1,12.85,-1.8286,1.236,3.5527,407.44,100.7,0.40828,19.053,0.26905,1.226,17.74,17.953,18.517,5.4052,375.46
154,1.5,12.81,-2,1.2342,4.9804,403.98,100.68,0.49852,18.987,0.26905,1.226,17.573,17.807,18.4,5.4052,376.39
154,2,12.5,-2.4,1.234,4.6367,403.49,100.66,0.49157,18.927,0.26905,1.226,17.433,17.67,18.293,5.4052,374.39
154,2.5,12.34,-2.4,1.234,4.1027,405.11,100.65,0.42902,18.87,0.26894,1.226,17.3,17.543,18.183,5.4052,373.47
154,3,12,-2.5143,1.2137,3.6379,407.71,100.67,0.39715,18.81,0.26871,1.226,17.193,17.433,18.08,5.4052,371.42
154,3.5,11.75,-2.4571,1.2118,2.7528,409.13,100.67,0.28465,18.75,0.26871,1.226,17.087,17.323,17.977,5.4052,369.83
154,4,11.74,-2.5143,1.2165,2.0281,410.78,100.69,0.20878,18.687,0.26871,1.226,17.007,17.23,17.883,5.4052,369.06
154,4.5,11.51,-2.2857,1.2049,1.9939,411.96,100.68,0.20257,18.63,0.26871,1.226,16.917,17.143,17.8,5.4052,367.68
154,5,11.59,3.4857,1.2058,1.9689,411.18,100.69,0.17778,18.56,0.26871,1.226,16.83,17.053,17.703,5.4052,368.52
154,5.5,12.02,45.714,1.2223,1.4707,412.63,100.72,0.15595,18.49,0.26849,1.226,16.747,16.963,17.61,5.4052,370.56
154,6,12.98,122.17,1.2465,2.0725,406.1,100.76,0.21136,18.403,0.26832,1.226,16.707,16.903,17.52,5.4052,376.86
154,6.5,13.78,209.14,1.2519,2.8196,404.89,100.78,0.31273,18.34,0.26832,1.226,16.753,16.907,17.47,5.4052,383.29
154,7,14.15,306.69,1.2674,2.6277,408.26,100.8,0.32307,18.293,0.26832,1.226,16.837,16.967,17.457,5.4052,388.78
154,7.5,15.1,409.43,1.3003,2.2695,409.15,100.82,0.27611,18.24,0.26827,1.226,16.983,17.067,17.463,5.4052,396.47
154,8,16.06,510.29,1.3447,2.7685,405.58,100.82,0.32229,18.207,0.26815,1.226,17.233,17.257,17.523,5.4052,403.69
154,8.5,17.15,607.43,1.399,2.9119,404.39,100.83,0.34134,18.203,0.26782,1.226,17.557,17.507,17.63,5.4052,410.55
154,9,18.12,693.71,1.4187,2.4408,406.24,100.82,0.26151,18.17,0.26782,1.226,17.92,17.807,17.753,5.4052,417.67
154,9.5,19.01,770.29,1.4489,1.9116,407.32,100.82,0.21481,18.163,0.26776,1.226,18.34,18.153,17.91,5.4052,424.54
154,10,20.24,832.57,1.4931,1.4821,406.31,100.81,0.17419,18.17,0.26754,1.226,18.82,18.56,18.123,5.4052,431.65
154,10.5,20.98,886.86,1.563,1.6948,404.02,100.81,0.26349,18.2,0.26749,1.226,19.34,19.007,18.377,5.4052,437.49
154,11,21.91,928,1.6016,1.8229,402.67,100.8,0.26436,18.25,0.26743,1.226,19.893,19.473,18.657,5.4052,442.48
154,11.5,22.83,958.29,1.645,2.2167,400.33,100.79,0.29172,18.313,0.2671,1.226,20.427,19.937,18.963,5.4052,446.55
154,12,23.86,975.43,1.6651,2.3011,398.7,100.77,0.31065,18.383,0.2671,1.226,20.923,20.39,19.277,5.4052,451.4
154,12.5,24.87,980.57,1.6996,2.0135,399.79,100.74,0.25202,18.467,0.26676,1.226,21.443,20.857,19.6,5.4052,456.31
154,13,25.83,969.14,1.7253,1.6801,400.28,100.7,0.23385,18.563,0.26671,1.226,22.07,21.393,19.96,5.4052,460.77
154,13.5,26.66,945.71,1.7192,1.9294,398.55,100.67,0.23949,18.68,0.26654,1.226,22.64,21.91,20.333,5.4052,463.31
154,14,27.16,908.57,1.7547,2.1934,395.93,100.64,0.25447,18.807,0.26632,1.226,22.793,22.167,20.62,5.4052,463.87
154,14.5,27.62,857.14,1.7427,2.3983,395.81,100.61,0.2547,18.937,0.26626,1.226,22.883,22.32,20.833,5.4052,464.04
154,15,27.92,793.71,1.6565,2.2447,393.34,100.58,0.21978,19.073,0.26615,1.226,23.003,22.47,21.033,5.4052,462.22
154,15.5,28.11,717.14,1.6609,2.3466,392.65,100.53,0.24929,19.2,0.26593,1.226,23.043,22.553,21.183,5.4052,461.38
154,16,28.07,630.86,1.6753,2.1111,391.65,100.52,0.21844,19.327,0.26593,1.226,23.023,22.583,21.303,5.4052,459.32
154,16.5,27.86,537.71,1.7119,2.9923,395.57,100.51,0.3246,19.443,0.26593,1.226,22.973,22.577,21.39,5.4052,455.53
154,17,26.93,441.94,1.7155,4.1984,401.02,100.5,0.43946,19.57,0.26593,1.226,22.843,22.52,21.453,5.4052,448.86
154,17.5,26.2,343.09,1.6898,3.7725,396.62,100.54,0.38779,19.663,0.26593,1.226,22.617,22.357,21.453,5.4052,444.6
154,18,25.51,242.11,1.6338,3.7346,398.55,100.55,0.41002,19.75,0.26593,1.226,22.38,22.173,21.413,5.4052,439.23
154,18.5,24.88,148.86,1.6204,3.9595,405.1,100.55,0.40823,19.82,0.26593,1.226,22.103,21.967,21.353,5.4052,435.01
154,19,24.2,71.371,1.6645,3.2761,409.85,100.54,0.32487,19.877,0.26604,1.226,21.857,21.757,21.263,5.4052,429.88
154,19.5,22.76,13.314,1.6526,2.2049,416.46,100.55,0.1838,19.93,0.26632,1.226,21.623,21.573,21.183,5.4052,419.74
154,20,21.12,-2.7429,1.6497,1.6168,432.17,100.57,0.078229,19.987,0.26632,1.226,21.347,21.367,21.097,5.4052,405.95
154,20.5,20.31,-2.7429,1.5908,1.4302,431.58,100.58,0.10731,20,0.26632,1.226,20.993,21.073,20.943,5.4052,400.45
154,21,20.06,-2.2857,1.5429,1.7891,431.67,100.6,0.089859,19.987,0.26632,1.226,20.647,20.753,20.75,5.4052,397.56
154,21.5,19.2,-2.6857,1.5433,1.3684,448.04,100.61,0.090914,19.97,0.26632,1.226,20.353,20.48,20.583,5.4052,394.09
154,22,18.14,-2.5714,1.5406,0.75771,467.63,100.63,0.096903,19.957,0.26637,1.226,20.06,20.223,20.42,5.4052,388.92
154,22.5,18.22,-2.4,1.5519,1.2405,445.57,100.63,0.075089,19.92,0.26637,1.226,19.77,19.947,20.233,5.4052,386.93
154,23,18.27,-1.8857,1.5423,1.0977,452.2,100.63,0.1439,19.873,0.26643,1.226,19.497,19.69,20.05,5.4052,386.66
154,23.5,17.23,-2.3429,1.5542,1.0535,476.96,100.64,0.06307,19.827,0.26643,1.226,19.297,19.483,19.88,5.4052,386.77
154,24,17.01,-2.2857,1.5486,1.0067,503.89,100.63,0.078567,19.777,0.26643,1.226,19.107,19.3,19.727,5.4052,384.57
155,0.5,16.47,-2.2286,1.5183,0.90316,492,100.62,0.085359,19.727,0.26637,2.2909,18.91,19.12,19.583,5.0153,381.23
155,1,16.09,-2.1714,1.4467,1.2792,485.87,100.62,0.027428,19.673,0.26615,2.2909,18.703,18.927,19.44,5.0153,378.94
155,1.5,15.32,-2.6286,1.4402,0.64987,462.9,100.63,0.065135,19.61,0.2661,2.2909,18.493,18.737,19.287,5.0153,376.34
155,2,15.01,-1.8857,1.451,1.189,494.74,100.63,0.038459,19.557,0.26604,2.2909,18.273,18.54,19.14,5.0153,372.85
155,2.5,14.72,-1.9429,1.4007,1.4956,501,100.64,0.015528,19.48,0.26604,2.2909,18.04,18.317,18.973,5.0153,372.82
155,3,13.84,-2.2857,1.35,0.38793,534.87,100.64,0.046163,19.413,0.26604,2.2909,17.87,18.14,18.827,5.0153,369.89
155,3.5,13.63,-1.9429,1.3426,0.55505,512.34,100.65,0.036599,19.347,0.26582,2.2909,17.677,17.967,18.683,5.0153,367.09
155,4,13.85,-1.6571,1.3446,1.2122,509.65,100.67,0.045817,19.27,0.26565,2.2909,17.467,17.777,18.537,5.0153,364.74
155,4.5,13.14,-2,1.2762,1.1341,571.89,100.68,0.042977,19.193,0.26571,2.2909,17.263,17.58,18.377,5.0153,363.34
155,5,12.7,4,1.3002,0.89693,563.78,100.7,0.027507,19.113,0.26571,2.2909,17.053,17.38,18.223,5.0153,363.11
155,5.5,13.37,44.571,1.317,1.0357,567.77,100.74,0.029835,19.017,0.26549,2.2909,16.887,17.203,18.057,5.0153,367.32
155,6,14.2,120.29,1.3722,0.77316,514.83,100.78,0.060967,18.907,0.26538,2.2909,16.833,17.107,17.91,5.0153,380.63
155,6.5,16.26,208.23,1.4407,1.6419,432.33,100.8,0.18708,18.797,0.26532,2.2909,16.953,17.143,17.82,5.0153,393.59
155,7,17.74,307.09,1.4414,2.0132,418.33,100.82,0.23227,18.727,0.26527,2.2909,17.213,17.3,17.817,5.0153,403.1
155,7.5,19.03,411.37,1.4351,2.4452,412.38,100.84,0.28064,18.673,0.26521,2.2909,17.5,17.53,17.883,5.0153,410.7
155,8,19.77,510.29,1.4714,2.1113,410.51,100.86,0.24979,18.64,0.26488,2.2909,17.81,17.783,17.973,5.0153,418.36
155,8.5,20.74,604.57,1.5318,1.9023,412.33,100.88,0.18927,18.61,0.26482,2.2909,18.187,18.087,18.1,5.0153,426.42
155,9,21.47,692,1.5803,1.9144,412.02,100.89,0.25742,18.603,0.26477,2.2909,18.63,18.45,18.28,5.0153,432.58
155,9.5,22.59,768,1.6469,0.77024,412.63,100.86,0.17154,18.597,0.26444,2.2909,19.083,18.84,18.473,5.0153,440.12
155,10,24.09,832,1.7225,0.77612,414.1,100.87,0.10609,18.6,0.26444,2.2909,19.56,19.26,18.707,5.0153,448.84
155,10.5,25.22,885.14,1.7419,0.81381,414.07,100.86,0.17462,18.64,0.26416,2.2909,20.127,19.75,18.99,5.0153,455.21
155,11,25.99,930.29,1.6796,0.73933,409.35,100.85,0.077671,18.71,0.26405,2.2909,20.743,20.27,19.313,5.0153,459.78
155,11.5,27.47,957.71,1.6534,0.51473,403.51,100.82,0.10257,18.773,0.26389,2.2909,21.287,20.757,19.64,5.0153,465.65
155,12,28.59,973.14,1.7416,0.65671,404.61,100.8,0.16289,18.85,0.26367,2.2909,21.79,21.22,19.97,5.0153,471.77
155,12.5,29.47,980.57,1.7603,0.63687,404.87,100.77,0.11848,18.95,0.26367,2.2909,22.323,21.707,20.313,5.0153,475.94
155,13,30.71,957.71,1.7749,0.51046,422.83,100.72,0.15015,19.05,0.26328,2.2909,22.993,22.277,20.697,5.0153,479.48
155,13.5,31.12,940.57,1.9405,0.29842,424.55,100.7,0.30028,19.183,0.26328,2.2909,23.723,22.9,21.127,5.0153,483.44
155,14,30.99,906.86,1.9087,1.9499,412.87,100.66,0.2175,19.353,0.26317,2.2909,23.867,23.187,21.45,5.0153,482.35
155,14.5,31.21,861.71,1.9469,2.3404,409.24,100.62,0.25402,19.493,0.26295,2.2909,24,23.36,21.683,5.0153,481.71
155,15,31.56,800.57,1.7614,2.3515,409.53,100.59,0.2631,19.63,0.26295,2.2909,24.057,23.477,21.873,5.0153,479.26
155,15.5,31.6,721.14,1.7813,2.5529,410.05,100.56,0.27631,19.763,0.26262,2.2909,24.05,23.52,22.013,5.0153,477.51
155,16,31.43,634.29,2,2.4747,411.65,100.53,0.25728,19.887,0.26257,2.2909,24.01,23.527,22.123,5.0153,476.45
155,16.5,30.96,541.14,1.9826,2.979,412.25,100.52,0.27399,20.02,0.26257,2.2909,23.987,23.537,22.22,5.0153,471.06
155,17,30.34,448.57,1.8883,3.5023,414.77,100.5,0.3781,20.143,0.26257,2.2909,23.86,23.477,22.287,5.0153,464.68
155,17.5,29.95,345.49,1.8939,2.9788,414.57,100.49,0.29339,20.243,0.26257,2.2909,23.67,23.347,22.293,5.0153,461.25
155,18,29.14,245.2,1.847,3.1255,418.31,100.48,0.31355,20.34,0.26257,2.2909,23.467,23.197,22.28,5.0153,455.21
155,18.5,28.78,151.2,1.8583,2.837,423.56,100.49,0.26349,20.417,0.26257,2.2909,23.237,23.017,22.233,5.0153,450.75
155,19,27.57,69.029,1.8578,2.3875,429.91,100.5,0.18992,20.493,0.26284,2.2909,23.013,22.843,22.177,5.0153,440.93
155,19.5,25.77,9.2,1.8389,2.0712,444.73,100.51,0.12456,20.573,0.26295,2.2909,22.753,22.667,22.12,5.0153,426.84
155,20,24.22,-3.2571,1.8082,1.2353,463.31,100.52,0.058729,20.633,0.26295,2.2909,22.39,22.397,22.013,5.0153,411.78
155,20.5,23.54,-2.8571,1.7612,0.80964,484.66,100.54,0.056817,20.65,0.26312,2.2909,21.927,22.02,21.83,5.0153,403.19
155,21,23,-2.6857,1.7241,1.1105,464.23,100.55,0.027751,20.647,0.26334,2.2909,21.473,21.613,21.61,5.0153,397.77
155,21.5,22.58,-2.6286,1.6856,1.9091,470.1,100.57,0.043504,20.617,0.26334,2.2909,21.067,21.24,21.37,5.0153,396
155,22,20.63,-3.4286,1.658,1.7556,495.71,100.58,0.046839,20.597,0.26339,2.2909,20.767,20.94,21.163,5.0153,393.33
155,22.5,19.91,-2.5714,1.6917,1.7984,496.65,100.58,0.037422,20.56,0.26339,2.2909,20.453,20.65,20.96,5.0153,390.25
155,23,18.87,-2.7429,1.6695,1.6857,504.84,100.57,0.025677,20.51,0.26328,2.2909,20.17,20.38,20.757,5.0153,387.92
155,23.5,18.56,-2.0571,1.6516,1.9352,508.82,100.56,0.047167,20.453,0.26312,2.2909,19.92,20.133,20.567,5.0153,388.44
155,24,18.11,-2.2286,1.6544,1.968,498.03,100.55,0.068725,20.383,0.26306,2.2909,19.76,19.937,20.383,5.0153,391.88
156,0.5,18.08,-2.1714,1.6237,1.596,500.06,100.54,0.022799,20.327,0.26306,1.4058,19.637,19.8,20.237,4.4595,388.76
156,1,18.06,-1.7714,1.6169,0.3137,494.9,100.55,0.18784,20.263,0.26306,1.4058,19.417,19.62,20.1,4.4595,384.44
156,1.5,18.61,-2.4,1.654,1.2603,494.24,100.56,0.017497,20.2,0.26301,1.4058,19.21,19.427,19.95,4.4595,384.02
156,2,17.57,-2.9143,1.632,1.1138,541.05,100.55,0.083167,20.127,0.2629,1.4058,19.01,19.233,19.8,4.4595,382.52
156,2.5,17.76,-2.1143,1.6679,1.1842,528.79,100.55,0.083189,20.057,0.26273,1.4058,18.823,19.057,19.65,4.4595,383.62
156,3,18,-2.4571,1.6871,0.62119,528.97,100.55,0.084018,19.983,0.26268,1.4058,18.687,18.92,19.517,4.4595,381.23
156,3.5,17.08,-2.6286,1.5977,0.12034,598.76,100.55,0.18236,19.927,0.26268,1.4058,18.54,18.783,19.4,4.4595,377.68
156,4,15.8,-2.5714,1.5229,0.56545,695.2,100.56,0.069417,19.857,0.26268,1.4058,18.4,18.647,19.273,4.4595,374.77
156,4.5,14.78,-1.7143,1.4818,0.43563,718.06,100.57,0.056557,19.79,0.26268,1.4058,18.25,18.497,19.15,4.4595,372.14
156,5,15.08,6.4,1.5261,0.45753,665.45,100.59,0.039934,19.71,0.26251,1.4058,18.08,18.333,19.017,4.4595,372.42
156,5.5,18.39,58,1.4569,0.82449,548.38,100.61,0.054798,19.61,0.26241,1.4058,17.917,18.163,18.86,4.4595,379.41
156,6,19.44,119.2,1.5009,0.40988,628.93,100.62,0.11579,19.487,0.2623,1.4058,17.853,18.06,18.717,4.4595,393.98
156,6.5,19.4,224.46,1.7673,0.75907,640.14,100.65,0.070537,19.4,0.2623,1.4058,17.997,18.12,18.657,4.4595,408.48
156,7,20.63,325.6,1.735,1.1996,467.64,100.66,0.14023,19.337,0.26219,1.4058,18.333,18.337,18.68,4.4595,418.3
156,7.5,22.52,431.2,1.7106,1.5783,449.06,100.67,0.18467,19.287,0.26186,1.4058,18.707,18.627,18.76,4.4595,428.35
156,8,23.73,528,1.7346,2.2172,445.22,100.69,0.25641,19.263,0.26186,1.4058,19.16,18.987,18.913,4.4595,436.55
156,8.5,24.56,624,1.8522,2.5423,443.64,100.69,0.2871,19.267,0.26169,1.4058,19.673,19.407,19.113,4.4595,444.27
156,9,25.67,710.86,1.9052,2.2708,437.93,100.68,0.27506,19.267,0.26148,1.4058,20.203,19.857,19.347,4.4595,452.9
156,9.5,26.52,778.86,1.8679,2.3676,434.42,100.67,0.22659,19.293,0.26142,1.4058,20.757,20.337,19.623,4.4595,458.47
156,10,27.38,850.29,1.8628,2.1469,429.34,100.68,0.22565,19.333,0.26115,1.4058,21.303,20.817,19.92,4.4595,464.33
156,10.5,28.62,897.71,1.956,1.5912,423.77,100.69,0.23399,19.383,0.26104,1.4058,21.85,21.297,20.227,4.4595,472.74
156,11,29.42,945.71,1.9847,1.4949,420.57,100.67,0.19239,19.457,0.26077,1.4058,22.447,21.813,20.56,4.4595,478.38
156,11.5,30.68,977.71,1.8531,0.8044,421.98,100.64,0.13358,19.55,0.26071,1.4058,23.01,22.333,20.917,4.4595,482.2
156,12,31.73,984,1.8727,0.77218,421.27,100.62,0.11474,19.65,0.26044,1.4058,23.473,22.787,21.26,4.4595,486.92
156,12.5,31.44,1001.1,2.0316,1.5497,414.74,100.6,0.20658,19.777,0.26039,1.4058,23.987,23.263,21.617,4.4595,487.62
156,13,32.18,954.86,1.9163,0.84739,415.32,100.58,0.16803,19.907,0.26028,1.4058,24.66,23.84,22.013,4.4595,488.35
156,13.5,32.3,878.86,1.9909,1.3821,409.56,100.56,0.22087,20.043,0.26001,1.4058,25.1,24.283,22.383,4.4595,488.01
156,14,31.9,902.29,2.0892,2.2733,407.66,100.53,0.27202,20.197,0.25995,1.4058,25.137,24.447,22.643,4.4595,484.94
156,14.5,31.46,825.14,2.0782,2.8043,407.58,100.51,0.28073,20.35,0.25963,1.4058,25.183,24.557,22.843,4.4595,479.34
156,15,30.64,752,1.8704,3.7773,411.15,100.49,0.37252,20.51,0.25963,1.4058,25.127,24.593,23,4.4595,469.84
156,15.5,30.57,728,1.8327,4.0885,412.83,100.46,0.38748,20.633,0.25957,1.4058,24.923,24.48,23.067,4.4595,468.62
156,16,29.99,609.14,1.762,4.1479,414.38,100.44,0.44584,20.757,0.2593,1.4058,24.727,24.347,23.093,4.4595,463.75
156,16.5,29.62,499.43,1.6294,4.4154,416.04,100.42,0.45071,20.86,0.25925,1.4058,24.48,24.17,23.083,4.4595,459.4
156,17,29.07,418.91,1.516,4.8572,416.81,100.41,0.52385,20.957,0.25925,1.4058,24.18,23.947,23.037,4.4595,455.79
156,17.5,28.89,346.17,1.4513,5.0691,420.52,100.39,0.52737,21.023,0.25925,1.4058,23.853,23.677,22.94,4.4595,454.58
156,18,28.31,271.71,1.5487,4.5438,423.07,100.39,0.46217,21.08,0.25925,1.4058,23.577,23.43,22.827,4.4595,452.33
156,18.5,27.4,178.91,1.5302,3.554,423.21,100.41,0.39422,21.133,0.25936,1.4058,23.353,23.233,22.72,4.4595,445.11
156,19,25.84,84.686,1.5063,2.8871,427.74,100.42,0.27889,21.19,0.25952,1.4058,23.12,23.05,22.637,4.4595,433.57
156,19.5,23.54,17.314,1.5309,2.1104,441.19,100.43,0.093654,21.237,0.25963,1.4058,22.823,22.83,22.53,4.4595,415.84
156,20,21.8,-2.6857,1.4857,2.5283,441.7,100.43,0.17189,21.267,0.25963,1.4058,22.433,22.533,22.387,4.4595,408.43
156,20.5,21.24,-3.4857,1.4691,2.917,438.65,100.44,0.25966,21.233,0.25963,1.4058,22.043,22.163,22.16,4.4595,408.7
156,21,21.24,-4,1.4129,2.7963,434.14,100.47,0.29339,21.187,0.25963,1.4058,21.723,21.837,21.93,4.4595,409.71
156,21.5,20.36,-4.2857,1.3474,2.9984,435.23,100.49,0.30879,21.15,0.25963,1.4058,21.47,21.597,21.753,4.4595,405.37
156,22,20.63,-3.6,1.3071,4.2134,428.9,100.5,0.40791,21.1,0.25968,1.4058,21.17,21.323,21.56,4.4595,409.21
156,22.5,20.06,-4.5714,1.2687,3.625,429.61,100.51,0.40222,21.057,0.25968,1.4058,20.94,21.097,21.39,4.4595,406.08
156,23,19.45,-4.0571,1.2161,4.0104,429.88,100.51,0.42941,21.033,0.25968,1.4058,20.747,20.917,21.253,4.4595,403.18
156,23.5,19.25,-3.8286,1.1812,4.4881,428.77,100.5,0.47833,20.973,0.25968,1.4058,20.497,20.687,21.083,4.4595,402.98
156,24,19.03,-4.2857,1.1572,4.4884,427.41,100.51,0.48089,20.913,0.25957,1.4058,20.263,20.467,20.913,4.4595,401.61
157,0.5,18.51,-4.5714,1.1666,4.0262,428.14,100.51,0.42315,20.853,0.25946,0.53573,20.07,20.28,20.757,4.3981,398.29
157,1,18.03,-4.1714,1.1725,3.8942,429.02,100.51,0.43773,20.787,0.25936,0.53573,19.887,20.097,20.607,4.3981,396.25
157,1.5,17.48,-4.5143,1.166,3.535,429.35,100.51,0.3679,20.72,0.25936,0.53573,19.72,19.933,20.46,4.3981,392.66
157,2,17,-4.4571,1.1538,3.472,429.66,100.51,0.37726,20.653,0.25936,0.53573,19.553,19.77,20.32,4.3981,389.74
157,2.5,16.87,-4.2286,1.1386,3.685,427.45,100.51,0.39883,20.577,0.2593,0.53573,19.38,19.6,20.177,4.3981,389.15
157,3,16.67,-4,1.0994,4.55,425.69,100.52,0.47559,20.497,0.25903,0.53573,19.173,19.413,20.027,4.3981,390.07
157,3.5,16.41,-4.1714,1.0864,4.0313,424.86,100.54,0.4292,20.423,0.25898,0.53573,19.003,19.247,19.89,4.3981,388.01
157,4,16.1,-4.2857,1.0748,3.9168,425.56,100.55,0.4529,20.353,0.25898,0.53573,18.85,19.097,19.757,4.3981,386.34
157,4.5,15.58,-4.1714,1.0589,3.434,425.2,100.57,0.40504,20.28,0.25898,0.53573,18.707,18.957,19.633,4.3981,383.26
157,5,15.6,0.97143,1.0339,4.649,423.09,100.59,0.53801,20.203,0.25881,0.53573,18.557,18.81,19.5,4.3981,384.03
157,5.5,15.76,62.686,1.0295,5.6911,421.5,100.61,0.55335,20.11,0.25865,0.53573,18.35,18.623,19.353,4.3981,385.98
157,6,16.24,150.11,1.0713,3.4296,418.78,100.67,0.3925,20.023,0.25865,0.53573,18.237,18.497,19.22,4.3981,387.47
157,6.5,16.88,245.03,1.0751,4.6815,417.36,100.68,0.58224,19.94,0.25854,0.53573,18.247,18.46,19.12,4.3981,392.83
157,7,17.31,353.09,1.061,6.6404,416.07,100.69,0.68517,19.867,0.25833,0.53573,18.257,18.447,19.053,4.3981,398.46
157,7.5,17.7,452.63,1.0134,7.9458,415.04,100.71,0.76264,19.807,0.25817,0.53573,18.293,18.46,19.013,4.3981,402.49
157,8,18.46,559.43,1.023,6.6854,413.22,100.76,0.66157,19.747,0.25817,0.53573,18.383,18.507,18.997,4.3981,408.38
157,8.5,19.15,656.57,1.0285,5.991,412.32,100.79,0.60477,19.69,0.25806,0.53573,18.557,18.613,18.99,4.3981,414.07
157,9,19.83,742.29,1.0276,6.137,412.06,100.81,0.58698,19.643,0.25784,0.53573,18.807,18.793,19.037,4.3981,419.2
157,9.5,20.55,821.71,1.043,6.0782,410.87,100.8,0.63613,19.607,0.25773,0.53573,19.113,19.027,19.12,4.3981,424.48
157,10,21.43,890.29,1.0226,6.1633,409.9,100.81,0.59608,19.58,0.25741,0.53573,19.45,19.293,19.237,4.3981,430.18
157,10.5,21.95,943.43,1.0243,6.4755,409.57,100.83,0.61004,19.57,0.25741,0.53573,19.827,19.597,19.39,4.3981,434.15
157,11,22.39,988.57,1.0349,5.8489,407.99,100.86,0.54316,19.577,0.25714,0.53573,20.24,19.937,19.58,4.3981,438.06
157,11.5,22.92,1016.6,0.97929,5.4172,407.26,100.86,0.52216,19.59,0.25709,0.53573,20.63,20.28,19.787,4.3981,441.22
157,12,23.27,1032.6,0.91519,5.164,407.05,100.86,0.57167,19.62,0.25682,0.53573,21.017,20.627,20.003,4.3981,443.03
157,12.5,23.61,1036,0.83685,6.0625,407.52,100.84,0.56678,19.663,0.25671,0.53573,21.28,20.903,20.21,4.3981,443.37
157,13,23.93,1020.6,0.79759,6.5456,408.38,100.82,0.6011,19.71,0.25666,0.53573,21.59,21.18,20.417,4.3981,443.82
157,13.5,23.92,978.29,0.83897,6.3168,407.74,100.81,0.60515,19.767,0.25639,0.53573,22.007,21.52,20.657,4.3981,443.7
157,14,23.73,948,0.84616,6.5293,408.1,100.8,0.56019,19.83,0.25634,0.53573,22.113,21.677,20.82,4.3981,442.38
157,14.5,23.69,828.57,0.83856,6.6183,408.46,100.8,0.6097,19.89,0.25634,0.53573,21.997,21.66,20.9,4.3981,439.7
157,15,23.51,821.71,0.82516,7.5342,409.18,100.76,0.65053,19.96,0.25612,0.53573,21.773,21.54,20.927,4.3981,437.92
157,15.5,23.69,746.86,0.81513,7.0126,409.43,100.75,0.6813,20,0.25596,0.53573,21.583,21.393,20.897,4.3981,437.86
157,16,23.59,655.43,0.79656,6.5379,410.5,100.74,0.65801,20.037,0.25596,0.53573,21.4,21.257,20.86,4.3981,435.81
157,16.5,23.07,556.57,0.77107,6.7915,410.98,100.76,0.62419,20.073,0.25596,0.53573,21.183,21.093,20.803,4.3981,431.64
157,17,22.44,460.57,0.76196,6.7091,410.65,100.77,0.59991,20.107,0.25596,0.53573,20.927,20.893,20.727,4.3981,426.96
157,17.5,21.81,359.26,0.74238,6.426,411.34,100.74,0.57908,20.123,0.25596,0.53573,20.64,20.657,20.62,4.3981,421.96
157,18,21.35,259.54,0.76418,6.3736,412.94,100.74,0.58913,20.127,0.25596,0.53573,20.357,20.417,20.49,4.3981,417.68
157,18.5,20.71,160.17,0.76497,6.3452,414.31,100.75,0.57568,20.123,0.25596,0.53573,20.087,20.183,20.353,4.3981,412.92
157,19,19.65,77.543,0.79209,6.3936,415.85,100.73,0.58302,20.11,0.25602,0.53573,19.807,19.95,20.217,4.3981,406.58
157,19.5,18.28,12.743,0.84279,4.5751,417.9,100.76,0.34086,20.103,0.25596,0.53573,19.537,19.72,20.07,4.3981,397.22
157,20,16.56,-4,0.9422,3.0344,421.11,100.78,0.29132,20.087,0.25602,0.53573,19.313,19.53,19.933,4.3981,385.05
157,20.5,16.08,-4.2857,0.93956,3.7447,417.98,100.8,0.37601,20.023,0.25602,0.53573,19.03,19.263,19.75,4.3981,384.84
157,21,15.49,-4,0.95891,4.0739,418.49,100.8,0.38172,19.95,0.25607,0.53573,18.733,18.997,19.56,4.3981,382.39
157,21.5,15.2,-4.1143,0.94208,4.5549,418.95,100.8,0.40779,19.88,0.25607,0.53573,18.463,18.74,19.373,4.3981,381.72
157,22,14.42,-4.9143,0.92114,2.9376,422.12,100.82,0.21576,19.817,0.25607,0.53573,18.237,18.527,19.21,4.3981,375.57
157,22.5,14,-4.4,0.87597,0.26637,424.35,100.87,0.28601,19.773,0.25602,0.53573,18.027,18.343,19.067,4.3981,364.55
157,23,13.43,-4.0571,0.85564,2.7385,426.47,100.85,0.26123,19.69,0.25591,0.53573,17.777,18.11,18.893,4.3981,364.79
157,23.5,14.14,-3.8286,0.84254,4.1677,417.77,100.86,0.44462,19.587,0.2558,0.53573,17.523,17.85,18.687,4.3981,374.75
157,24,13.83,-4.2286,0.86272,5.1557,416.95,100.86,0.51979,19.503,0.25575,0.53573,17.36,17.68,18.53,4.3981,375.35
