141,0.5,27.792,-27.877,-2.3487,-29.358,-0.23748,7.3264,-13.628
141,1,11.449,-15.555,-0.51483,-47.832,0.045624,7.152,-13.657
141,1.5,16.215,-19.896,0.37555,-25.702,-0.73505,9.343,-16.45
141,2,40.048,-29.432,-3.6408,-13.691,-2.2933,6.4624,-14.932
141,2.5,42.103,-34.974,-0.61212,-22.207,-0.044103,10.202,-13.443
141,3,22.941,-11.252,-0.46442,-15.554,0.088206,7.2505,-11.228
141,3.5,23.326,-14.12,0.90656,-9.7686,-0.55129,10.787,-10.447
141,4,24.727,-19.671,0.34075,-15.612,-0.11026,10.334,-10.237
141,4.5,32.446,-31.187,0.62285,-31.356,-0.18901,11.034,-10.646
141,5,21.23,-15.608,-0.63726,-29.657,-2.4698,7.6745,-11.52
141,5.5,23.964,-26.03,-2.552,-27.487,0.28634,6.7748,-11.615
141,6,59.115,-26.441,-7.8345,10.434,0.28385,1.1434,-11.47
141,6.5,77.516,-18.285,-14.225,65.595,0.28,-6.4393,-8.4277
141,7,111.01,5.1304,-18.294,137.57,0.27559,-11.401,-6.4845
141,7.5,121.78,11.879,-20.474,163.85,0.25832,-14.005,-0.88103
141,8,167.77,30.585,-27.252,220.08,0.25886,-22.455,2.0457
141,8.5,108.68,4.1323,-17.433,140.12,0.25458,-10.794,2.2014
141,9,192.08,30.455,-27.488,199.26,0.24929,-22.744,2.0555
141,9.5,289.89,83.558,-35.815,406.28,0.24381,-32.422,8.4684
141,10,401.32,121.07,-40.807,564.9,0.23706,-38.303,22.437
141,10.5,153.85,10.61,-18.966,164.58,0.25135,-12.044,15.806
141,11,362.46,193.17,-45.785,603.89,0.23588,-45.006,9.0058
141,11.5,456.7,166.18,-47.261,677.41,0.23292,-46.128,37.248
141,12,339.98,60.121,-37.103,456.82,0.23131,-33.615,37.183
141,12.5,396.43,96.285,-40.859,555.92,0.24023,-38.256,12.303
141,13,524.69,138.13,-48.643,624.61,0.23311,-47.023,35.034
141,13.5,240.14,-25.857,-26.976,266.53,0.24709,-20.963,15.055
141,14,473.19,49.562,-45.914,676.53,0.23799,-43.735,8.1039
141,14.5,393.52,17.052,-31.376,375.5,0.2346,-25.598,14.387
141,15,390.92,93.683,-35.809,538.53,0.23868,-31.002,2.4532
141,15.5,366.04,83.214,-36.409,456.72,0.24031,-31.766,9.4108
141,16,306.97,45.835,-29.084,324.06,0.24561,-22.792,4.1584
141,16.5,253.23,28.219,-24.05,277.71,0.25026,-16.589,-1.7692
141,17,224.7,21.761,-22.589,237.33,0.2587,-14.798,-6.6161
141,17.5,187.39,-7.9571,-18.597,154.88,0.26681,-9.9451,-7.6037
141,18,131.07,-26.048,-14.336,83.203,0.279,-5.0136,-10.463
141,18.5,106.23,-63.711,-9.9505,11.742,0.29847,0.2277,-12.978
141,19,80.348,-79.636,-5.5972,-44.735,0.32913,5.2535,-15.471
141,19.5,49.034,-76.18,-1.8558,-75.504,0.61512,9.2864,-17.141
141,20,47.363,-76.301,-0.98129,-75.848,-0.21635,10.257,-18.097
141,20.5,51.911,-58.297,-1.1348,-48.382,-0.28537,10.068,-18.395
141,21,45.625,-47.676,-0.54541,-36.224,-0.15751,10.648,-16.721
141,21.5,46.347,-47.598,-0.16213,-38.535,-0.14701,11.101,-15.068
141,22,47.341,-59.53,-1.0385,-53.388,-0.15832,10.127,-15.426
141,22.5,55.384,-46.19,-0.33182,-22.937,-0.25943,11.145,-16.305
141,23,51.412,-52.176,0.074307,-32.346,-0.10585,11.553,-14.58
141,23.5,47.344,-38.857,-0.9151,-23.785,-0.24502,10.228,-14.398
141,24,36.318,-33.947,-1.3712,-26.09,-0.084005,9.5825,-14.296
142,0.5,54.301,-31.861,-0.43531,-19.567,-0.27854,10.632,-13.78
142,1,51.712,-48.549,-0.44816,-12.603,-1.1606,10.511,-13.642
142,1.5,42.451,-39.056,-0.48238,-17.421,-1.075,10.299,-14.317
142,2,37.353,-34.022,-0.36424,-17.329,-1.2429,10.085,-14.713
142,2.5,26.815,-18.015,-0.28543,-14.292,-1.0678,9.2145,-14.487
142,3,38.126,-20.584,-0.3737,-8.1051,-1.3231,9.9257,-13.465
142,3.5,29.72,-13.549,-0.28324,-4.0986,-1.129,9.2327,-13.501
142,4,12.881,-3.2862,-0.69537,-4.3936,-0.33679,4.4631,-13.734
142,4.5,20.619,-7.7552,-0.47099,-3.0005,-0.37802,7.4635,-19.344
142,5,9.2486,-0.64549,2.3556,-2.8657,-1.1226,6.8794,-20.987
142,5.5,13.973,0.33031,0.64953,10.603,0.29402,5.2248,-23.809
142,6,44.485,6.0583,-8.529,74.978,0.30149,-3.0389,-25.214
142,6.5,88.496,4.5909,-16.299,129.16,0.2701,-10.143,-16.272
142,7,63.817,34.098,-19.486,157.53,0.25662,-13.5,-6.8967
142,7.5,66.247,37.334,-25.434,149.77,0.24846,-20.926,-2.1558
142,8,134.65,50.326,-29.279,198.25,0.24555,-25.299,-0.3956
142,8.5,156.57,67.938,-29.551,295.1,0.23788,-25.424,4.0011
142,9,286.05,101.21,-38.213,388.69,0.23513,-35.859,11.21
142,9.5,307.06,81.992,-34.609,470.3,0.23533,-31.239,15.338
142,10,335.16,100.33,-36.965,497.45,0.23303,-34.066,19.313
142,10.5,387.34,129.28,-38.159,632.84,0.22792,-35.256,28.471
142,11,437.21,122.38,-38.785,577.05,0.22425,-36.18,35.957
142,11.5,446.86,127.34,-39.449,668.91,0.22408,-36.63,41.441
142,12,437.54,108.59,-38.981,662.3,0.22268,-36.092,45.024
142,12.5,465.63,93.335,-41.185,622.46,0.22438,-38.533,45.45
142,13,489.53,35.522,-39.623,594.53,0.22733,-36.351,32.168
142,13.5,500.35,38.424,-37.698,645.43,0.22557,-33.747,33.381
142,14,575.77,41.94,-38.611,645.84,0.22864,-34.552,27.052
142,14.5,350.54,-30.096,-29.344,355.64,0.23114,-23.67,20.578
142,15,363.31,-13.559,-28.794,419.63,0.24022,-22.978,11.952
142,15.5,292.46,-52.35,-26.939,246.52,0.24005,-21.009,13.624
142,16,291.92,-60.363,-27.482,241.78,0.24635,-21.448,10.43
142,16.5,313.36,-48.066,-24.669,284.91,0.25351,-17.922,7.5307
142,17,230.3,-63.286,-18.622,162.4,0.24706,-10.541,8.3684
142,17.5,136.97,-57.503,-12.756,68.249,0.24582,-4.3847,3.5808
142,18,61.91,-44.506,-8.2181,13.876,0.24719,0.25103,-0.30002
142,18.5,82.593,-60.423,-6.9304,-2.3955,0.24872,2.9798,-1.7438
142,19,62.313,-52.768,-4.5057,-17.669,0.31066,5.8411,-2.5059
142,19.5,35.629,-40.565,-0.9679,-48.923,0.47379,9.1652,-4.9125
142,20,14.847,-17.535,-0.15977,-52.049,0.10122,6.6555,-9.4318
142,20.5,13.626,-17.095,-0.34202,-52.499,-0.11874,7.012,-14.221
142,21,24.953,-20.292,-0.24954,-31.184,-0.83305,8.8079,-14.486
142,21.5,32.148,-47.917,-0.30005,-54.24,-0.34422,10.575,-10.865
142,22,37.114,-53.225,2.6782,-39.839,-0.48665,14.465,-8.9425
142,22.5,42.33,-66.93,1.0905,-53.833,-0.22564,13.107,-8.1917
142,23,40.521,-62.637,-0.061265,-58.204,-0.24397,11.873,-8.4647
142,23.5,43.237,-50.512,0.81741,-33.919,-0.15208,12.948,-7.8032
142,24,24.725,-53.443,1.3957,-61.3,-0.01446,13.004,-7.1381
143,0.5,16.577,-40.877,0.5329,-61.736,-0.13927,11.444,-8.7632
143,1,11.801,-39.461,0.57647,-61.056,-0.233,11.224,-9.959
143,1.5,10.377,-20.971,-0.17819,-56.209,-0.18901,8.7865,-10.565
143,2,16.792,-35.749,1.5565,-44.46,-0.47883,12.127,-11.749
143,2.5,16.253,-19.088,-0.18023,-41.918,-0.26952,8.7306,-10.81
143,3,18.879,-33.358,1.593,-41.869,-0.49616,11.932,-10.577
143,3.5,27.976,-44.005,1.2114,-46.983,-0.34818,11.809,-10.353
143,4,14.684,-22.134,-0.23056,-57.465,-0.028453,8.4405,-10.488
143,4.5,7.9517,-19.818,-0.24252,-56.833,-0.04338,8.4301,-12.953
143,5,0.74028,-23.276,1.4705,-49.501,-1.4701,11.272,-14.277
143,5.5,20.574,-30.208,-1.3148,-39.824,0.33468,8.6066,-12.321
143,6,23.492,-22.711,-6.0887,-13.995,0.26917,2.6477,-9.3093
143,6.5,37.579,-22.249,-8.1581,15.086,0.25599,0.33868,-5.5067
143,7,61.715,-16.872,-13.637,44.011,0.24774,-5.8481,-3.0051
143,7.5,141.7,15.433,-27.208,169.46,0.2557,-22.313,0.21497
143,8,308.94,21.042,-35.463,295.6,0.25404,-31.479,7.7925
143,8.5,292.57,27.824,-33.362,371.19,0.24656,-29.059,14.426
143,9,358.25,47.945,-34.624,431.71,0.23889,-30.925,19.037
143,9.5,198.33,1.9982,-25.808,267.34,0.22383,-21.263,22.067
143,10,374.99,54.332,-40.552,488.02,0.23195,-38.823,16.055
143,10.5,400.8,48.67,-36.607,524.68,0.22225,-33.878,30.755
143,11,284.68,32.077,-26.374,513.02,0.21931,-21.044,26.695
143,11.5,485.23,77.78,-32.977,669.97,0.21808,-29.378,37.589
143,12,603.29,76.996,-40.679,690.38,0.21556,-38.162,46.845
143,12.5,572.7,63.303,-39.037,695.31,0.21598,-36.541,47.83
143,13,547.51,64.978,-40.673,709.68,0.2169,-38.326,45.777
143,13.5,593.86,65.618,-38.928,689.2,0.21983,-35.784,43.571
143,14,465,24.507,-37.034,553.21,0.21982,-33.383,40.65
143,14.5,521.69,26.588,-42.173,505.67,0.22551,-39.837,30.74
143,15,208.94,-19.175,-17.16,239.54,0.22299,-9.9561,20.822
143,15.5,100.38,-14.299,-9.5916,97.246,0.22688,-4.114,-3.8899
143,16,157.46,-0.82382,-13.398,207.9,0.24064,-7.2064,2.2774
143,16.5,193.95,-14.205,-19.969,206.13,0.23619,-15.831,10.008
143,17,108.58,-24.002,-10.74,84.696,0.21998,-5.3406,9.484
143,17.5,169.17,-12.978,-18.154,187.52,0.26417,-14.407,7.3129
143,18,122.46,-37.348,-6.1926,72.803,0.2463,2.8155,10.452
143,18.5,55.356,-25.434,-0.90329,6.7507,0.25337,7.5691,3.6942
143,19,57.424,-39.462,-0.52479,-0.063505,0.39492,9.2793,-3.2953
143,19.5,34.31,-23.074,-0.075072,-14.875,0.80488,8.6239,-3.7179
143,20,15.36,-16.369,-0.29261,-34.935,-0.16284,5.7475,-6.2034
143,20.5,11.662,-21.85,-0.32391,-49.728,-0.1283,8.0914,-11.392
143,21,6.0973,-20.837,-0.18273,-58.197,-0.012971,8.1324,-14.976
143,21.5,14.684,-31.001,0.42624,-61.264,-0.20476,10.428,-15.385
143,22,6.931,-21.368,-0.13896,-60.486,-0.23627,8.5306,-15.059
143,22.5,-1.0048,-11.098,-0.67647,-55.61,-0.27672,4.3198,-17.553
143,23,2.4066,-12.051,-0.52533,-51.815,-0.086476,5.0877,-21.416
143,23.5,3.0284,-12.168,-0.31006,-49.929,-0.076039,5.9002,-23.48
143,24,1.674,-10.852,-0.36609,-48.816,-0.18376,5.4749,-24.465
144,0.5,-2.6448,-9.2822,-0.52036,-53.303,-0.44103,4.6513,-23.807
144,1,-0.65024,-10.802,-0.29101,-54.984,-0.36002,5.4642,-21.718
144,1.5,-2.2732,-11.526,-0.16548,-58.395,-0.33925,5.9221,-20.655
144,2,-1.3958,-13.201,-0.063406,-59.703,-0.51159,6.7184,-19.842
144,2.5,5.1465,-26.837,-0.13852,-61.126,-0.43271,8.855,-19.702
144,3,5.1955,-19.004,0.51149,-64.723,-0.44103,9.904,-17.169
144,3.5,5.4372,-22.403,1.0147,-62.965,-0.3887,10.426,-15.7
144,4,10.861,-34.911,2.0239,-65.77,-0.3887,12.641,-15.979
144,4.5,6.2508,-24.074,-0.031309,-64.817,-0.31395,9.3858,-14.903
144,5,1.6511,-33.883,0.12024,-62.22,2.0161,10.185,-15.022
144,5.5,9.823,-26.115,-4.3555,-35.309,0.30052,4.6208,-13.78
144,6,39.945,-20.184,-10.717,22.511,0.27693,-2.9539,-12.011
144,6.5,87.385,-20.021,-15.291,77.344,0.26419,-7.6021,-8.4918
144,7,149,-4.5283,-22.383,156.35,0.25561,-16.053,-4.9907
144,7.5,202.54,29.846,-30.39,231.61,0.24874,-25.879,-1.9723
144,8,225.57,54.371,-32.97,304.63,0.24257,-28.956,2.6163
144,8.5,264.59,76.33,-35.952,380.43,0.23855,-32.706,7.9104
144,9,317.1,92.16,-39.449,442.97,0.23505,-37.23,12.662
144,9.5,384.83,113.12,-43.923,506.79,0.23176,-42.813,17.454
144,10,347.61,103.4,-38.769,558.91,0.22804,-36.955,21.244
144,10.5,448.7,121.65,-47.652,599.7,0.22586,-47.016,25.68
144,11,414.9,106.72,-43.388,632,0.22377,-42.006,30.33
144,11.5,410.44,102.12,-40.205,659.47,0.22264,-38.416,33.538
144,12,583.27,141.7,-51.275,670.5,0.22253,-52.317,38.588
144,12.5,432.22,96.829,-38.962,673.45,0.22225,-37.54,38.817
144,13,470.67,98.948,-41.967,662.32,0.22271,-40.524,37.623
144,13.5,564.97,108.09,-48.831,638.78,0.2259,-48.468,38.132
144,14,468.54,83.027,-41.177,610.54,0.22695,-39.401,30.33
144,14.5,413.96,59.535,-38.792,568.91,0.23096,-38.885,32.121
144,15,390.48,46.319,-35.438,502.07,0.23396,-32.539,33.451
144,15.5,355.94,31.46,-32.069,459.54,0.23636,-28.181,19.112
144,16,329.28,12.814,-29.714,384.34,0.24055,-24.694,20.03
144,16.5,217.2,-12.439,-21.792,255.52,0.24299,-15.518,14.976
144,17,208.66,-19.482,-23.082,218.85,0.25106,-16.41,8.664
144,17.5,206.71,-23.538,-20.629,173.44,0.25603,-13.183,7.1006
144,18,173.9,-53.785,-15.467,104.51,0.27057,-6.5475,2.9183
144,18.5,107.99,-60.827,-8.7935,5.3048,0.27011,1.5865,-4.0444
144,19,80.247,-75.805,-2.955,-53.354,0.2343,8.6582,-10.808
144,19.5,57.479,-61.283,0.31868,-58.708,0.59191,12.49,-15.947
144,20,53.573,-61.829,0.52551,-59.545,-0.20047,12.478,-16.186
144,20.5,37.22,-61.922,0.67952,-67.099,-0.1794,12.232,-15.753
144,21,32.238,-52.54,1.3393,-62.145,-0.073505,12.874,-16.512
144,21.5,22.404,-42.325,-0.38729,-66.63,-0.098006,10.474,-16.598
144,22,11.689,-35.988,-1.1049,-71.6,-0.21001,8.9983,-17.756
144,22.5,0.7092,-21.025,0.012102,-70.183,-0.20754,7.997,-18.714
144,23,-4.574,-11.038,-0.50359,-63.27,-0.12783,4.5955,-21.229
144,23.5,2.6369,-20.044,-0.023757,-61.785,-0.20244,8.0946,-25.714
144,24,0.76907,-16.603,0.025007,-60.146,-0.28867,7.5168,-26.632
145,0.5,-4.5309,-9.2557,-0.46734,-55.461,-0.076039,4.5313,-28.22
145,1,-5.4222,-7.0642,-0.38717,-53.326,-0.2999,3.9929,-29.276
145,1.5,-4.5742,-8.3015,-0.4519,-54.042,-0.048112,4.5404,-30.124
145,2,-5.6768,-7.9163,-0.44684,-55.151,-0.38449,4.3259,-29.089
145,2.5,-1.4167,-14.027,-0.10175,-59.407,-0.26628,6.8179,-27.059
145,3,-4.2031,-12.581,-0.048092,-61.791,-0.40428,6.3941,-24.416
145,3.5,2.8319,-17.548,-0.022137,-54.017,-0.20849,8.0047,-24.803
145,4,-0.11217,-9.7966,-0.080645,-46.332,-0.049003,6.1962,-26.526
145,4.5,-1.6056,-9.3986,-0.19325,-51.369,-0.12166,5.5987,-27.237
145,5,0.90451,-6.3313,1.4144,-36.2,-2.3522,7.1554,-26.489
145,5.5,6.1562,-1.4343,-0.26776,-9.3961,0.31168,4.3629,-29.076
145,6,34.857,-13.689,-9.0326,33.151,0.31327,-2.4427,-24.671
145,6.5,53.358,-4.8132,-11.549,59.166,0.30695,-5.5759,-13.748
145,7,132.49,-0.045634,-18.966,128.59,0.2826,-13.096,-5.0808
145,7.5,191.61,19.419,-25.195,231.97,0.25543,-20.614,-0.57179
145,8,217.31,48.633,-31.066,308.57,0.24886,-27.626,2.6489
145,8.5,261.19,62.731,-31.357,380.31,0.24336,-28.616,7.752
145,9,331.66,88.145,-37.905,453.13,0.23956,-36.306,12.497
145,9.5,349.71,95.972,-38.731,524.26,0.2355,-37.459,15.827
145,10,406.07,113.52,-46.864,566.09,0.23191,-46.809,19.984
145,10.5,377.35,108.3,-46.004,598,0.2288,-45.494,24.053
145,11,294.97,89.001,-37.316,514.81,0.2301,-35.044,24.756
145,11.5,347.31,101.3,-42.433,469.49,0.22938,-41.414,22.4
145,12,357.27,85.135,-39.899,553.39,0.22754,-37.969,28.457
145,12.5,524.93,129.22,-51.105,642.72,0.22769,-51.197,30.541
145,13,396.78,73.572,-40.877,469.87,0.22784,-39.042,28.225
145,13.5,469.78,111.21,-47.045,642.82,0.23153,-46.043,29.083
145,14,351.68,49.135,-35.266,487.29,0.22593,-31.904,26.438
145,14.5,371.05,52.051,-33.405,497.26,0.2334,-29.39,22.245
145,15,409.89,62.682,-37.167,487.13,0.23482,-35.043,22.971
145,15.5,398.74,52.442,-36.453,455.84,0.24015,-34.149,19.669
145,16,374.91,24.648,-30.657,385.54,0.24405,-26.594,18.993
145,16.5,312.64,3.9793,-26.789,312.46,0.25066,-21.91,15.247
145,17,273.87,-24.619,-23.654,239.28,0.25841,-17.246,10.737
145,17.5,215.66,-61.171,-18.326,135.66,0.26318,-10.305,5.0396
145,18,141.24,-57.327,-14.151,71.006,0.277,-5.1891,-1.6809
145,18.5,112.78,-80.404,-9.5578,9.9958,0.28829,0.48233,-5.2776
145,19,86.554,-68.816,-6.1947,-37.888,0.28122,4.4237,-8.1211
145,19.5,67.03,-64.34,-0.40521,-61.022,0.38886,11.071,-12.253
145,20,40.505,-46.548,-0.42135,-62.598,-0.060831,10.371,-15.856
145,20.5,30.842,-52.914,0.42397,-57.515,-0.16643,11.279,-16.895
145,21,30.115,-38.597,-0.56032,-47.428,-0.18901,9.8175,-17.696
145,21.5,47.701,-60.261,-0.79697,-44.711,-0.51707,10.222,-17.493
145,22,35.794,-45.301,-0.74575,-49.597,-0.10501,10.027,-18.351
145,22.5,40.699,-45.988,0.83076,-35.543,-0.32669,11.937,-16.032
145,23,47.188,-54.763,-1.6148,-37.274,-0.27374,9.3023,-16.856
145,23.5,62.448,-73.473,-1.5266,-35.52,-0.15751,9.8522,-18.385
145,24,48.485,-55.753,-2.0848,-32.696,-0.094506,8.8473,-18.45
146,0.5,47.474,-50.677,-0.96647,-31.371,-0.13068,10.02,-17.689
146,1,45.443,-48.897,-0.52134,-29.211,-0.24698,10.48,-16.053
146,1.5,43.6,-42.24,-0.18789,-25.425,-0.19846,10.677,-15.304
146,2,42.8,-50.382,-0.21091,-18.885,-0.31664,10.602,-14.37
146,2.5,47.762,-79.154,-0.13395,-15.033,-0.47209,10.778,-16.058
146,3,55.133,-78.893,0.053314,-11.32,-1.0905,11.209,-16.795
146,3.5,46.849,-87.304,-0.082892,-30.884,-1.063,10.973,-20.157
146,4,44.656,-95.504,0.012313,-43.965,-0.44968,11.08,-21.194
146,4.5,32.692,-110.62,-0.058322,-74.566,-0.2724,10.976,-22.015
146,5,43.836,-112.17,-2.7075,-58.602,-1.6037,8.0546,-22.864
146,5.5,77.156,-104.28,-2.5443,-62.5,0.25835,8.0831,-23.155
146,6,105.7,-83.523,-9.6878,-5.994,0.2674,-0.84622,-22.66
146,6.5,116.14,-61.893,-11.676,29.384,0.24814,-3.3837,-19.128
146,7,151.7,-49.719,-16.708,68.445,0.25529,-9.5233,-14.532
146,7.5,149.15,-42.835,-19.711,111.49,0.24873,-13.016,-13.696
146,8,250.59,8.5614,-34.049,253.74,0.24673,-30.42,-11.462
146,8.5,283.73,9.3666,-31.321,325.11,0.24261,-26.874,-5.1124
146,9,342.3,50.23,-42.117,441,0.23965,-40.187,-2.0003
146,9.5,296.96,14.753,-35.934,343.13,0.23738,-32.652,-1.5224
146,10,381.8,61.636,-44.496,464.55,0.23393,-43.26,0.66189
146,10.5,376.54,48.506,-42.414,451.36,0.23583,-40.678,5.3027
146,11,365.67,55.152,-41.35,522.61,0.23187,-39.411,7.4134
146,11.5,408.21,77.346,-44.2,521.01,0.23374,-42.885,9.6088
146,12,401.04,69.039,-47.47,552.24,0.2354,-46.874,14.386
146,12.5,290.1,14.269,-37.009,323.08,0.23982,-34.092,7.1843
146,13,271.23,22.157,-30.89,334.19,0.24461,-26.588,-0.022148
146,13.5,214.85,-10.539,-25.357,244.5,0.24434,-19.843,-0.45036
146,14,221.92,32.386,-29.856,300.2,0.24422,-25.133,-4.8948
146,14.5,394.03,75.715,-48.816,450.45,0.23749,-48.289,3.1619
146,15,310.78,51.628,-37.885,362.21,0.23849,-35.038,5.039
146,15.5,359.73,80.731,-42.8,421.08,0.24525,-41.094,-0.51355
146,16,301.18,70.061,-35.627,403.49,0.24788,-32.622,5.2371
146,16.5,191.79,19.206,-23.512,242.38,0.24779,-17.777,2.7904
146,17,174.49,-1.344,-22.831,147.1,0.24614,-16.997,-2.6797
146,17.5,132.45,7.0356,-18.806,152.77,0.26595,-12.097,-6.4695
146,18,109.12,-15.728,-15.963,84.169,0.27535,-8.7326,-6.9711
146,18.5,94.33,-38.529,-11.209,22.952,0.29904,-2.8304,-8.877
146,19,45.402,-42.581,-5.0121,-33.646,0.3396,4.0702,-12.622
146,19.5,19.55,-36.338,-2.1223,-70.822,0.60641,6.8528,-15.205
146,20,1.2381,-20.044,0.044474,-72.075,-0.1534,7.1863,-19.525
146,20.5,-6.0164,-9.4084,-0.64502,-66.518,-0.20754,3.3482,-24.498
146,21,-2.2054,-11.67,-0.49738,-62.378,-0.54003,4.4716,-27.5
146,21.5,-0.98679,-11.403,-0.4002,-58.57,0.012971,4.7063,-29.278
146,22,-1.8333,-10.047,-0.48675,-56.551,-0.08536,4.5242,-31.134
146,22.5,-4.1292,-7.3744,-0.50241,-55.347,-0.40093,3.7456,-32.22
146,23,1.5143,-12.822,-0.18347,-51.946,-0.42265,6.1108,-31.631
146,23.5,-4.0276,-5.8482,-0.64829,-49.946,-0.30602,3.0992,-31.081
146,24,0.19568,-5.5812,-0.51178,-36.003,-0.49616,4.021,-28.964
147,0.5,2.2292,-1.7733,-0.66011,-17.519,-0.83017,2.9771,-20.685
147,1,5.1197,-3.4918,-0.48618,-17.099,-0.94991,4.1523,-13.109
147,1.5,5.4522,-3.4714,-0.4853,-16.318,-0.61065,4.2481,-12.037
147,2,9.353,-4.9494,-0.14389,-13.308,-0.49855,5.5415,-11.404
147,2.5,1.5538,-1.8431,-0.81421,-18.456,-0.53458,2.5072,-11.982
147,3,6.0366,-2.2119,-0.48622,-11.694,-0.75605,3.738,-13.258
147,3.5,7.4248,-2.9254,-0.50596,-11.285,-0.84196,3.9896,-12.784
147,4,11.714,-6.4875,-0.067241,-11.653,-0.57525,6.3142,-11.709
147,4.5,14.184,-10.299,-0.030264,-12.776,-0.62479,7.4882,-9.2974
147,5,12.82,-8.2881,0.4703,-12.011,-7.9385,7.5253,-8.2849
147,5.5,17.336,-9.5434,-1.0021,-4.974,0.28158,6.3657,-7.7234
147,6,24.491,-6.1615,-3.2014,15.093,0.2383,3.4461,-7.057
147,6.5,59.26,-3.9736,-13.909,61.763,0.2417,-7.4239,-5.2613
147,7,70.167,2.4947,-17.123,96.406,0.23579,-11.558,-3.7588
147,7.5,74.749,7.8121,-17.439,110.61,0.23762,-12.237,-1.2485
147,8,118.96,27.112,-27.455,158.34,0.23712,-25.376,1.1058
147,8.5,126.83,27.931,-20.996,231.32,0.23276,-18.706,4.6224
147,9,231.7,92.563,-37.726,413.12,0.2316,-37.273,10.538
147,9.5,316.73,103.91,-38.268,553.07,0.22883,-37.303,16.418
147,10,349.32,100.98,-39.2,592.57,0.224,-40.613,22.2
147,10.5,398.91,125.65,-44.173,662.27,0.22249,-44.353,28.142
147,11,350.91,90.484,-38.521,581.35,0.21771,-40.104,30.768
147,11.5,427.43,114.93,-43.189,641.69,0.22433,-42.631,28.1
147,12,491.98,129.12,-48.8,652.99,0.2226,-49.272,29.356
147,12.5,400.34,61.011,-45.557,520.9,0.22507,-44.581,29.443
147,13,438.23,55.063,-51.188,416.18,0.23105,-51.364,17.932
147,13.5,500.8,115.4,-48.62,739.74,0.23241,-48.648,23.084
147,14,356.79,53.172,-35.421,504.59,0.22661,-33.903,26.568
147,14.5,377.63,60.328,-37.222,542.81,0.23281,-34.648,23.94
147,15,347.22,35.963,-36.936,373.96,0.23456,-34.612,18.922
147,15.5,184.88,-7.9837,-23.081,192.16,0.23225,-18.775,10.471
147,16,180.68,-13.172,-22.974,194.46,0.23854,-17.83,6.3264
147,16.5,230.18,5.2542,-29.479,262.01,0.24757,-26.032,5.8741
147,17,223.05,18.251,-25.395,306.47,0.25418,-20.161,10.722
147,17.5,196.93,-0.1559,-23.082,189.2,0.25935,-16.619,10.448
147,18,148.13,-7.1224,-17.821,165.65,0.28041,-10.913,4.4059
147,18.5,102.05,-35.395,-11.199,38.389,0.28224,-2.8494,1.9041
147,19,54.246,-48.485,-5.1549,-28.831,0.3195,4.2658,-4.8788
147,19.5,12.248,-26.271,-0.11535,-57.542,0.51159,8.1053,-9.8434
147,20,8.5496,-24.729,-0.059152,-61.912,-0.10832,7.9937,-14.643
147,20.5,-0.66812,-13.209,-0.7868,-57.945,-0.1196,4.3849,-16.677
147,21,-2.7344,-9.1676,-0.99838,-53.549,-0.25202,2.9373,-18.881
147,21.5,-6.0131,-5.3908,-1.1187,-53.622,-0.28226,1.6795,-20.975
147,22,0.19411,-11.97,-0.46442,-51.258,-0.34872,4.9743,-22.26
147,22.5,-2.9377,-8.3249,-0.86774,-49.444,-0.1126,3.2131,-22.796
147,23,-3.6851,-6.3323,-1.0362,-47.785,-0.26061,2.3591,-24.349
147,23.5,-3.8478,-6.4696,-0.92017,-46.835,-0.016037,2.7853,-25.167
147,24,1.9898,-11.945,-0.12145,-46.938,-0.19175,6.3656,-25.932
148,0.5,-1.5395,-8.3651,-0.34441,-46.257,-0.41898,4.9011,-26.498
148,1,-2.9246,-7.2793,-0.50971,-47.116,-0.34872,4.2971,-25.451
148,1.5,1.8974,-13.786,-0.13956,-50.708,-0.56542,6.7317,-23.952
148,2,4.1817,-22.131,-0.17376,-58.2,-0.79805,7.9903,-20.218
148,2.5,5.098,-17.72,0.049908,-48.855,-0.56301,7.7954,-14.705
148,3,10.879,-27.713,0.26017,-45.978,-0.57436,9.5793,-13.227
148,3.5,3.7413,-20.796,0.19276,-59.075,-0.24185,8.497,-11.773
148,4,1.51,-19.976,0.1139,-61.811,-0.23522,8.0626,-11.642
148,4.5,-2.8353,-11.113,-0.13681,-54.245,-0.13687,5.6179,-14.82
148,5,-5.3063,-5.4738,2.6675,-45.16,1.3861,7.2299,-19.286
148,5.5,6.0496,-12.824,-1.7416,-33.319,0.26249,5.1142,-17.645
148,6,21.246,-4.4489,-6.7214,18.957,0.25519,-1.1612,-15.095
148,6.5,62.693,-11.739,-16.372,78.981,0.27173,-9.5918,-8.8487
148,7,98.478,25.503,-27.031,151.97,0.26163,-23.55,-2.1739
148,7.5,166.68,55.999,-31.29,230.44,0.25005,-28.357,2.1075
148,8,163.28,52.023,-26.596,311.78,0.24307,-23.931,6.5145
148,8.5,232.94,84.955,-34.037,380.71,0.23719,-32.007,10.655
148,9,259.33,85.869,-33.558,447.17,0.23274,-31.013,14.827
148,9.5,387.83,108.3,-44.17,525.31,0.2313,-44.142,20.529
148,10,408.33,114.02,-43.321,563.91,0.22574,-42.142,25.771
148,10.5,432.73,97.216,-44.812,579.32,0.22236,-44.367,30.32
148,11,524.16,109.26,-50.245,644.34,0.22019,-50.316,34.422
148,11.5,471.82,92.691,-45.078,679.67,0.21762,-43.842,37.662
148,12,436.46,88.274,-40.22,702.3,0.22279,-37.857,39.849
148,12.5,508.87,71.233,-45.212,619.2,0.22134,-44.148,38.002
148,13,508.04,84.548,-43.016,652.67,0.22319,-43.085,36.882
148,13.5,470,52.567,-38.869,621.91,0.2214,-36.16,37.993
148,14,554.6,49.317,-43.878,632.73,0.225,-42.426,35.079
148,14.5,520.84,34.057,-41.123,582.11,0.22932,-38.736,31.177
148,15,440.66,14.013,-36.206,528.68,0.2343,-32.58,27.205
148,15.5,397.56,4.2872,-32.272,465.71,0.23931,-27.842,24.375
148,16,372.57,-14.188,-29.321,398.32,0.24371,-24.059,19.841
148,16.5,294.84,-24.979,-24.151,325.94,0.24961,-17.775,15.549
148,17,248.57,-50.719,-20.176,214.59,0.25352,-12.94,12.074
148,17.5,184.84,-68.533,-15.427,101.78,0.25655,-7.2321,7.0558
148,18,193.79,-70.846,-16.886,110.52,0.27365,-8.8716,2.9013
148,18.5,134.07,-67.003,-10.918,49.611,0.29256,-1.5405,2.2316
148,19,74.177,-66.384,-6.7576,-32.638,0.27062,3.3464,-0.29946
148,19.5,41.628,-62.35,-0.098348,-60.727,0.31959,10.487,-4.3425
148,20,33.114,-53.94,0.34071,-65.339,-0.10291,10.628,-7.8957
148,20.5,11.936,-25.07,-0.43732,-55.699,-0.074751,6.9005,-10.12
148,21,12.56,-25.468,-0.24068,-52.867,-0.086476,7.562,-12.703
148,21.5,15.524,-34.178,-2.7759,-58.786,-0.27002,5.1258,-12.526
148,22,9.6375,-23.798,-0.15581,-54.519,-0.032075,7.7524,-12.016
148,22.5,8.632,-22.548,-0.22967,-53.374,-0.18376,7.3583,-12.533
148,23,2.6838,-13.535,-1.023,-48.66,-0.13721,4.4617,-12.917
148,23.5,2.8298,-12.354,-0.80207,-44.428,0.050888,4.6977,-16.072
148,24,4.4217,-12.704,-0.75083,-41.377,-0.3954,5.0453,-18.102
149,0.5,4.6912,-12.429,-0.72799,-40.417,-0.056907,4.9563,-19.646
149,1,4.7515,-18.495,-0.097179,-49.825,-0.050888,7.7444,-19.359
149,1.5,-0.50107,-12.326,-0.50033,-45.296,0.078405,5.6784,-17.139
149,2,-2.6977,-11.368,-0.6336,-48.764,-0.13137,4.8813,-16.587
149,2.5,-0.49022,-11.25,-0.64157,-43.994,-0.12908,5.0292,-17.101
149,3,1.7047,-10.352,-0.76293,-40.542,0.10023,4.4407,-19.66
149,3.5,5.48,-14.78,-0.097264,-40.447,-0.17641,7.0462,-20.126
149,4,-1.4413,-8.0689,-0.80133,-38.054,-0.2714,3.7471,-20.556
149,4.5,0.10635,-8.4536,-0.8748,-35.731,-0.19601,4.0213,-20.46
149,5,-0.45038,-5.1506,3.0116,-28.684,0.43584,7.9063,-20.341
149,5.5,11.354,-2.2512,-0.38701,5.0985,0.27616,4.2027,-19.431
149,6,26.771,-6.9412,-6.4568,22.698,0.26847,-0.53205,-13.786
149,6.5,27.561,-3.4507,-9.1017,39.482,0.254,-4.1393,-5.4956
149,7,114.54,15.067,-21.795,167.67,0.25919,-17.66,-0.93449
149,7.5,148.85,17.112,-25.832,234.35,0.24767,-23.902,5.3263
149,8,218.83,22.908,-30.016,317.1,0.23926,-29.026,8.2719
149,8.5,268.81,36.611,-33.182,398.2,0.23231,-33.295,13.423
149,9,346.55,43.936,-42.573,406.61,0.22916,-42.418,19.056
149,9.5,393.63,54.331,-39.996,514.02,0.22998,-39.886,21.758
149,10,348.5,54.635,-34.804,559.62,0.22523,-33.392,25.339
149,10.5,511.07,68.07,-45.208,602.93,0.22286,-46.614,29.581
149,11,547.54,67.428,-44.929,641.69,0.22057,-45.524,34.026
149,11.5,523.48,52.739,-40.538,662.14,0.22007,-40.779,35.962
149,12,494.62,50.678,-39.224,665.14,0.21891,-40.562,39.94
149,12.5,507.05,50.911,-41.356,670.48,0.21632,-40.481,39.803
149,13,454.39,40.898,-36.121,668.14,0.21732,-35.293,41.459
149,13.5,559.37,14.31,-42.771,656.98,0.22083,-41.423,40.358
149,14,594.02,-1.7402,-43.594,625.37,0.22497,-41.955,37.257
149,14.5,509.83,-12.307,-37.033,578.3,0.22869,-34.118,33.575
149,15,525.76,-22.411,-40.163,526.84,0.2323,-37.659,30.667
149,15.5,419.29,-32.655,-31.583,464.79,0.23852,-27.091,26.461
149,16,419.93,-49.711,-33.428,395.55,0.2437,-29.103,20.458
149,16.5,359.61,-61.991,-27.858,324.01,0.24897,-22.225,16.144
149,17,279.89,-67.671,-22.129,246.13,0.25778,-15.322,12.335
149,17.5,283.33,-83.994,-19.409,169.59,0.26484,-11.962,9.3155
149,18,163.4,-71.202,-13.158,97.325,0.27457,-4.4978,6.987
149,18.5,110.45,-56.615,-10.024,39.453,0.28959,-1.1466,3.5616
149,19,57.975,-54.508,-3.4388,-23.963,0.31346,5.9614,0.7586
149,19.5,42.438,-49.715,-2.6955,-63.529,0.41008,7.2167,-3.4891
149,20,8.8781,-26.477,-0.47019,-62.461,0.16334,6.7844,-8.8133
149,20.5,8.6762,-26.245,-0.29388,-61.267,-0.03835,7.3384,-14.777
149,21,14.532,-35.716,1.0173,-60,-0.1977,10.053,-16.324
149,21.5,5.9802,-23.827,-0.27917,-61.768,-0.12213,7.1801,-15.416
149,22,-0.7734,-12.536,-1.2526,-56.173,-0.10122,3.5167,-17.755
149,22.5,16.099,-32.923,0.2399,-58.672,-0.19971,9.9052,-19.258
149,23,4.1733,-20.512,-0.23191,-57.961,-0.1794,7.1271,-17.047
149,23.5,-4.0418,-8.4223,-1.291,-54.008,-0.15751,2.6065,-19.786
149,24,0.49364,-12.756,-0.68385,-50.532,-0.12349,4.7771,-23.123
150,0.5,-2.8192,-10.585,-0.80868,-52.207,-0.63949,3.9358,-24.156
150,1,-0.13665,-12.802,-0.62029,-51.095,-0.57334,5.0337,-24.113
150,1.5,-4.5625,-5.5578,-1.0927,-48.812,-0.14701,2.0643,-24.182
150,2,0.023041,-11.059,-0.61302,-46.075,-0.11026,4.6704,-25.407
150,2.5,-3.3959,-7.625,-0.98344,-44.293,-0.18901,3.324,-26.503
150,3,4.5873,-17.462,-0.14218,-47.792,-0.22521,7.4873,-26.583
150,3.5,-1.648,-12.258,-0.48414,-50.681,-0.45041,5.3982,-22.248
150,4,-2.9923,-11.652,-0.54266,-52.108,-0.45128,5.0513,-22.52
150,4.5,-2.0713,-14.392,-0.3065,-55.878,-0.37046,6.1085,-20.445
150,5,1.2128,-16.247,0.15914,-52.337,1.2916,7.4197,-18.694
150,5.5,4.6721,-8.0089,-1.3388,-24.112,0.27419,4.2421,-17.849
150,6,18.869,-1.85,-6.7151,24.988,0.2702,-2.4703,-16.119
150,6.5,33.461,7.5698,-10.359,78.34,0.2677,-9.8446,-9.5092
150,7,88.518,8.5826,-20.452,149.39,0.25651,-17.174,-2.2911
150,7.5,130.68,22.693,-25.043,229.45,0.24787,-23.815,1.2723
150,8,187.99,33.917,-30.33,305.55,0.24035,-29.356,4.3782
150,8.5,232.78,45.548,-33.702,378.32,0.23666,-33.963,8.6339
150,9,293.88,78.622,-35.942,448.3,0.23198,-34.127,13.468
150,9.5,416.67,104.63,-46.59,509.29,0.23009,-47.467,16.82
150,10,433.14,95.039,-45.72,563.85,0.22676,-45.959,21.178
150,10.5,441.26,88.895,-44.058,608.16,0.22409,-43.484,24.963
150,11,519.53,98.889,-48.364,640.61,0.22204,-49.497,29.337
150,11.5,526.36,95.558,-46.345,661.55,0.22109,-46.865,32.206
150,12,517.82,79.314,-44.398,674.9,0.22003,-44.556,35.487
150,12.5,561.97,78.58,-45.917,678.72,0.21975,-46.466,36.735
150,13,565.6,61.586,-45.005,671.04,0.22021,-45.08,37.354
150,13.5,455.36,42.068,-36.988,651.29,0.2222,-35.323,35.89
150,14,541.37,42.418,-41.264,620.58,0.22475,-41.072,31.78
150,14.5,488.04,36.508,-38.399,579.14,0.22562,-36.218,30.976
150,15,476.53,16.268,-38.705,526.64,0.23091,-36.049,28.781
150,15.5,391.17,3.3489,-33.564,470.19,0.23971,-29.676,21.95
150,16,360.48,-16.55,-31.349,389.77,0.24633,-26.941,15.5
150,16.5,274.1,-33.565,-28.655,244.44,0.25011,-23.702,8.6475
150,17,302.73,-12.836,-31.557,319.1,0.25996,-26.981,7.2679
150,17.5,234.95,-35.686,-24.349,210.87,0.26608,-18.117,5.6497
150,18,161.83,-57.226,-16.4,98.736,0.28028,-8.4055,0.59338
150,18.5,118.43,-69.756,-10.455,10.496,0.26749,-1.1047,-3.852
150,19,73.333,-62.762,-5.4051,-18.221,0.32201,4.8275,-7.8222
150,19.5,49.641,-53.14,-1.2786,-38.079,0.43061,9.3791,-8.2691
150,20,28.579,-44.999,0.8175,-47.636,-0.16248,11.502,-8.775
150,20.5,30.449,-48.032,-0.91711,-51.403,-0.11026,9.7109,-11.039
150,21,10.465,-25.68,-1.872,-51.957,-0.032075,6.6379,-10.95
150,21.5,16.889,-54.417,2.8589,-56.304,-0.51633,13.863,-11.597
150,22,18.098,-47.966,1.9966,-63.314,-0.071134,13.098,-10.784
150,22.5,14.505,-38.613,1.7182,-61.89,-0.10291,12.406,-11.033
150,23,21.662,-51.107,0.87103,-62.633,-0.33077,11.84,-13.052
150,23.5,29.186,-58.04,0.31436,-62.072,-0.19801,11.671,-14.314
150,24,19.008,-40.417,1.4908,-60.211,-0.15266,12.442,-14.607
151,0.5,14.484,-42.198,1.5084,-62.327,-0.24964,12.471,-14.289
151,1,17.59,-45.482,-0.57014,-64.158,-0.29402,10.018,-14.223
151,1.5,16.975,-45.456,0.31583,-64.401,-0.28226,11.11,-14.002
151,2,7.7509,-34.088,0.62565,-57.248,-0.22051,10.838,-13.168
151,2.5,12.173,-28.732,0.24524,-51.184,-0.27442,10.119,-12.802
151,3,7.93,-28.974,-0.32883,-57.18,-0.24698,9.6964,-13.813
151,3.5,4.1892,-20.574,-0.52995,-49.63,-0.28065,8.9905,-14.059
151,4,12.668,-22.053,0.3291,-39.274,-0.69304,9.8604,-13.427
151,4.5,5.6359,-21.265,-0.76094,-56.462,-0.27672,7.9825,-12.93
151,5,6.4665,-27.716,0.40114,-57.47,1.2349,9.6966,-13.95
151,5.5,16.516,-22.88,-3.9185,-26.549,0.27105,4.3902,-14.479
151,6,43.723,-13.98,-11.109,26.882,0.26749,-3.7942,-12.378
151,6.5,58.812,-0.25429,-16.669,87.477,0.26654,-10.253,-8.1879
151,7,108.71,19.314,-22.441,158.64,0.26075,-16.994,-3.5796
151,7.5,149.44,33.788,-26.779,234.75,0.25224,-22.504,0.66643
151,8,237.15,49.061,-34.639,311.22,0.24443,-32.049,5.391
151,8.5,222.53,37.4,-29.748,384.84,0.2388,-26.423,10.567
151,9,326.01,51.57,-36.901,453.44,0.23315,-34.868,15.326
151,9.5,329.14,37.329,-34.717,515.87,0.22661,-32.109,20.866
151,10,456.68,42.497,-39.818,572.85,0.22125,-37.986,26.534
151,10.5,453.43,30.244,-39.206,614.44,0.21898,-37.235,31.293
151,11,500.64,45.228,-42.75,646.58,0.21673,-41.53,34.97
151,11.5,545.13,42.323,-42.34,668.17,0.2143,-40.721,39.019
151,12,542.39,33.936,-42.02,686.35,0.21299,-40.412,41.257
151,12.5,537.84,21.208,-40.253,688.54,0.21548,-38.31,42.187
151,13,594.38,7.7913,-41.228,680.26,0.21586,-39.393,40.022
151,13.5,614.47,-2.4194,-41.588,663.87,0.21822,-39.853,40.42
151,14,570.55,-7.1095,-39.575,633.3,0.21945,-37.078,39.65
151,14.5,590.02,-14.032,-40.298,588.48,0.22263,-37.9,34.506
151,15,533,-20.092,-36.076,532.17,0.22635,-33.106,32.222
151,15.5,486.01,-31.951,-33.604,470.32,0.23118,-30.053,30.349
151,16,408.72,-31.744,-29.682,401.59,0.23646,-25.438,24.686
151,16.5,341.74,-48.59,-23.57,329.42,0.24186,-17.87,21.959
151,17,319.33,-59.483,-23.386,255.55,0.25296,-17.351,17.511
151,17.5,240.99,-73.549,-19.267,167.78,0.26268,-11.754,12.937
151,18,148.96,-86.103,-10.897,40.802,0.24672,-1.5791,6.8425
151,18.5,131.59,-66.008,-13.141,72.506,0.29385,-4.4535,1.7377
151,19,109.6,-74.817,-6.3979,-0.67931,0.32797,3.6992,2.4035
151,19.5,74.778,-70.337,-1.0936,-46.981,0.42874,10.086,-1.3581
151,20,49.119,-70.586,1.757,-53.55,-0.25943,13.448,-4.7314
151,20.5,70.655,-78.697,2.0871,-58.953,-0.058804,13.742,-7.6406
151,21,19.186,-32.824,-0.202,-55.762,0.085755,7.473,-8.962
151,21.5,19.552,-28.736,0.016476,-44.62,0.1446,8.0458,-12.908
151,22,10.207,-15.157,-1.2826,-38.26,-0.29402,3.4596,-14.659
151,22.5,20.747,-21.969,-1.1243,-28.429,-0.16963,5.2142,-13.499
151,23,14.253,-24.193,-0.87599,-46.272,-0.018376,5.7324,-13.053
151,23.5,9.9294,-22.903,-0.56067,-48.913,0.19601,6.2495,-15.186
151,24,3.4729,-16.18,-0.91706,-48.933,-0.11505,5.0209,-16.157
152,0.5,7.2416,-20.76,-0.46129,-49.719,-0.3007,6.2444,-16.995
152,1,5.3868,-20.625,-0.28464,-52.736,-0.080187,6.584,-17.634
152,1.5,-0.74997,-15.541,-0.56161,-53.194,-0.15266,5.5465,-17.247
152,2,-1.1229,-11.918,-0.81932,-49.878,-0.3068,4.3459,-18.746
152,2.5,1.3856,-15.631,-0.41937,-48.937,-0.33602,5.8274,-20.077
152,3,6.4926,-20.731,0.2337,-50.931,-0.54831,7.9289,-18.552
152,3.5,4.2984,-18.978,-0.21291,-51.04,-0.41026,6.5652,-17.333
152,4,7.7816,-11.697,0.42661,-50.71,-0.15877,8.7622,-16.844
152,4.5,-1.5074,-13.641,-0.48465,-49.394,-0.090006,5.4275,-16.94
152,5,-2.8832,-8.5415,2.4527,-42.502,0.59369,7.828,-18.77
152,5.5,7.9055,-6.5107,-0.15673,-12.241,0.26395,4.7268,-18.957
152,6,38.165,-12.109,-8.0304,35.295,0.26785,-1.7549,-15.119
152,6.5,65.245,-3.1589,-14.223,91.557,0.26344,-9.9709,-7.1982
152,7,129.14,-1.6138,-19.72,163.04,0.25265,-14.154,-1.3922
152,7.5,182.22,9.122,-26.21,239.86,0.24764,-22.072,3.2278
152,8,202.72,22.644,-25.998,314.64,0.2413,-22.287,7.6538
152,8.5,314.5,34.659,-34.985,385.93,0.23464,-33.14,13.708
152,9,392.39,34.287,-39.348,456.13,0.22879,-37.751,20.044
152,9.5,369.2,39.196,-36.581,518.34,0.22428,-38.147,25.367
152,10,409.98,23.235,-35.442,572.67,0.21989,-33.5,29.349
152,10.5,495.9,28.312,-39.736,613.46,0.21688,-39.003,33.65
152,11,584.53,26.591,-37.084,648.13,0.21337,-35.192,38.099
152,11.5,581.28,22.298,-40.265,672.01,0.20905,-40.522,41.223
152,12,623.32,28.939,-42.918,686.08,0.20948,-41.686,44.737
152,12.5,665.54,4.5862,-45.636,692.72,0.21202,-44.461,45.043
152,13,543.5,0.066061,-35.103,682.47,0.2104,-33.233,44.12
152,13.5,616.2,-2.5909,-41.747,664.02,0.21135,-40.034,42.046
152,14,639.1,-9.2394,-40.768,633.55,0.21602,-38.808,41.569
152,14.5,632.03,-45.413,-40.035,594.16,0.22078,-37.555,36.697
152,15,570.3,-57.655,-37.247,539.4,0.22888,-33.749,31.235
152,15.5,510.69,-66.155,-33.973,478.14,0.23496,-29.716,25.985
152,16,402.37,-67.372,-28.882,407.14,0.24101,-23.482,20.288
152,16.5,379.26,-60.927,-28.286,331.63,0.24768,-22.783,15.996
152,17,340.15,-84.939,-23.503,257.39,0.25297,-16.726,12.537
152,17.5,244.35,-69.191,-19.295,180.47,0.26181,-11.629,7.0647
152,18,196.17,-72.051,-15.921,116,0.27579,-7.4439,3.5401
152,18.5,158.68,-78.712,-13.162,69.459,0.28979,-4.1875,0.40053
152,19,104.89,-67.718,-7.7954,20.393,0.31058,2.1113,-1.6226
152,19.5,64.344,-64.994,-1.5592,-29.349,0.38092,9.5863,-5.1923
152,20,53.582,-55.403,-0.82417,-38.843,1.5121,10.259,-8.4304
152,20.5,41.545,-43.275,2.4064,-30.842,-0.053458,12.954,-9.9491
152,21,44.347,-42.482,0.90812,-34.142,-0.080187,11.522,-10.452
152,21.5,53.084,-56.123,1.0202,-31.587,-0.12166,12.368,-10.531
152,22,38.544,-35.344,-0.88266,-29.324,0.17151,9.1894,-11.218
152,22.5,42.51,-35.404,0.29019,-19.487,-0.03835,10.825,-10.904
152,23,28.228,-24.701,2.2717,-24.557,0.027564,12.785,-11.562
152,23.5,28.114,-34.887,0.86687,-35.904,0.1641,11.799,-12.987
152,24,26.145,-41.117,-0.65306,-57.198,-0.090006,10.218,-15.662
153,0.5,18.2,-34.958,-1.563,-58.402,-0.14401,8.6705,-17.089
153,1,11.208,-33.661,0.25085,-58.954,-0.30027,10.686,-16.757
153,1.5,13.898,-33.131,0.2116,-59.989,-0.16037,10.666,-16.377
153,2,10.434,-34.242,-0.49619,-60.078,-0.24698,9.8352,-16.869
153,2.5,9.7221,-35.928,-1.0356,-59.436,-0.25727,9.2572,-17.34
153,3,8.2602,-31.039,-1.7227,-59.327,-0.24397,8.2657,-17.766
153,3.5,13.735,-38.054,-0.71883,-58.616,-0.36084,9.5955,-17.056
153,4,11.673,-43.362,-1.5419,-59.696,-0.3007,8.8788,-16.977
153,4.5,14.291,-38.551,-1.3029,-59.366,-0.22521,8.8603,-16.083
153,5,11.657,-32.306,-0.34396,-54.659,0.90726,9.791,-15.52
153,5.5,21.618,-19.922,-5.7802,-24.134,0.27193,2.8836,-14.942
153,6,51.03,-10.81,-12.233,28.625,0.26583,-4.6175,-12.902
153,6.5,76.471,0.81538,-19.935,91.872,0.26695,-13.504,-10.178
153,7,114.44,27.288,-24.942,163.91,0.26159,-19.62,-7.8745
153,7.5,148.62,48.721,-29.035,240.61,0.25361,-24.678,-4.5502
153,8,222.37,82.902,-37.776,317.01,0.24533,-35.301,-0.40895
153,8.5,244.96,85.711,-39.152,389.72,0.23901,-37.05,4.49
153,9,286.6,95.376,-41.407,457.52,0.23355,-39.87,9.2963
153,9.5,333.21,97.496,-43.713,519.16,0.22872,-42.829,14.842
153,10,344.97,84.763,-41.104,569.83,0.22435,-40.069,20.591
153,10.5,444.43,93.516,-47.75,613.5,0.22082,-47.732,26.701
153,11,495.49,95.866,-49.366,647.16,0.2193,-49.563,30.744
153,11.5,487.6,82.725,-47.995,671.91,0.21898,-47.658,33.99
153,12,539.69,78.866,-49.359,685.83,0.21916,-49.322,34.805
153,12.5,510.45,67.26,-44.582,687.67,0.22028,-43.381,36.113
153,13,592.29,58.741,-49.926,680.83,0.22134,-49.93,38.83
153,13.5,531.76,38.679,-44.279,663.07,0.22332,-42.945,39.633
153,14,536.59,27.259,-44.017,632.34,0.22574,-42.348,36.546
153,14.5,498.26,11.735,-41.034,591.49,0.22822,-38.573,29.542
153,15,504.03,12.486,-42.391,544.14,0.2348,-40.047,24.266
153,15.5,438.06,-1.6394,-38.69,456.79,0.23883,-35.566,19.968
153,16,412.54,-23.502,-35.174,396.57,0.24548,-31.153,11.937
153,16.5,358.58,-29.699,-31.367,326.01,0.25136,-26.208,7.03
153,17,288.49,-24.123,-26.968,273.41,0.25661,-21.075,4.7809
153,17.5,228.75,-51.34,-22.255,163.46,0.26007,-15.306,2.0078
153,18,180.21,-47.632,-17.59,125.64,0.27259,-9.6593,-0.74959
153,18.5,114.95,-47.553,-12.559,55.285,0.28628,-3.5933,-4.1144
153,19,105.41,-57.124,-8.9612,22.909,0.2995,0.83161,-8.2649
153,19.5,77.284,-60.372,-2.6314,-26.293,0.35282,8.2462,-11.194
153,20,50.023,-58.206,0.63725,-43.763,-3.5282,12.238,-13.322
153,20.5,48.638,-57.385,-0.20022,-49.138,-0.18093,11.147,-15.221
153,21,43.403,-51.488,-0.84083,-51.887,-0.082052,10.328,-16.345
153,21.5,38.072,-57.96,0.77989,-58.938,-0.1534,12.341,-16.257
153,22,31.695,-60.191,-0.23266,-61.87,-0.12601,11.061,-16.731
153,22.5,28.992,-51.277,-1.6238,-59.425,-0.17258,9.128,-17.235
153,23,23.276,-44.205,0.10527,-57.131,-0.18376,10.915,-16.552
153,23.5,15.237,-36.446,0.88832,-53.134,-0.22521,11.279,-15.58
153,24,13.607,-30.164,0.73817,-46.734,-0.23101,10.731,-15.129
154,0.5,10.636,-23.724,0.14679,-43.982,-0.24257,9.5742,-15.126
154,1,20.526,-37.039,-0.075084,-44.249,-0.41346,10.579,-15.119
154,1.5,18.926,-40.514,-2.217,-49.389,-0.22681,8.2424,-16.603
154,2,20.179,-45.921,-0.5325,-54.661,-0.16801,10.271,-16.115
154,2.5,14.292,-37.764,-1.7953,-55.113,-0.21001,8.4673,-16.222
154,3,17.966,-36.095,-0.79421,-54.123,-0.18042,9.4916,-15.483
154,3.5,3.7478,-32.23,0.41705,-52.372,-0.24616,10.574,-15.622
154,4,6.3104,-23.277,-0.18793,-52.142,-0.3007,8.8321,-14.938
154,4.5,6.0353,-22.843,1.0555,-50.784,-0.37487,10.224,-15.249
154,5,5.7272,-21.9,-0.53817,-46.147,0.62178,7.8121,-15.408
154,5.5,13.572,-14.465,-3.0696,-14.804,0.26241,4.2424,-14.632
154,6,35.612,-10.699,-9.3571,36.53,0.26569,-2.3901,-12.349
154,6.5,73.593,6.4825,-17.462,95.643,0.26486,-11.287,-8.2234
154,7,134.07,36.856,-27.601,164.9,0.25967,-23.707,-5.4376
154,7.5,177.12,53.843,-30.929,239.75,0.25126,-27.986,-1.8087
154,8,200.93,56.514,-31.494,314.87,0.24447,-28.268,3.5473
154,8.5,293.39,76.667,-39.888,387.83,0.23939,-38.43,8.9915
154,9,301.81,77.692,-38.217,455.17,0.23236,-36.866,13.948
154,9.5,367.26,87.27,-42.415,515.18,0.22699,-42.558,19.544
154,10,474.44,98.192,-46.989,566.52,0.22145,-49.103,25.946
154,10.5,498.86,101.34,-48.116,610.41,0.21864,-48.854,31.875
154,11,560.54,88.834,-50.515,642.99,0.21742,-51.754,36.312
154,11.5,570.4,69.506,-48.99,668.55,0.21612,-49.491,37.978
154,12,578.38,60.326,-47.737,682.59,0.21532,-47.636,40.377
154,12.5,613.3,48.272,-47.891,686.6,0.21471,-48.347,46.139
154,13,525.92,31.448,-39.991,678.74,0.21318,-38.794,54.772
154,13.5,525.97,20.093,-39.44,660.88,0.21377,-37.977,54.389
154,14,455.83,4.1272,-35.145,631.8,0.21624,-32.407,41.211
154,14.5,535.36,-4.6774,-37.629,590.12,0.21928,-35.451,41.609
154,15,507.1,-14.779,-35.645,537.52,0.22391,-33.711,39.769
154,15.5,446.56,-21.539,-32.633,475.7,0.22835,-29.352,33.927
154,16,337.93,-21.775,-26.215,406.76,0.23362,-22.094,26.595
154,16.5,440.43,-55.149,-30.145,336.55,0.23828,-25.494,22.428
154,17,336.16,-80.737,-24.426,262.78,0.24931,-17.898,16.303
154,17.5,248.16,-60.746,-18.238,186.66,0.259,-10.417,9.8799
154,18,192.03,-75.982,-14.64,110.97,0.27022,-6.0022,5.9889
154,18.5,148.49,-87.469,-10.249,42.256,0.2912,-0.65063,1.7283
154,19,87.318,-78.937,-4.6195,-10.277,0.30085,5.8732,0.055824
154,19.5,39.003,-43.965,-0.84487,-45.142,0.33314,8.3332,-1.8819
154,20,10.474,-22.687,-0.76933,-47.003,0.16539,4.8031,-5.7341
154,20.5,13.29,-26.187,-0.60545,-45.232,-0.055129,6.3424,-10.677
154,21,12.042,-23.516,-0.77548,-43.674,-0.19846,5.3944,-13.117
154,21.5,10.262,-22.012,-0.84214,-40.853,0.1126,5.451,-13.288
154,22,8.4045,-20.023,-0.82223,-38.803,0.11761,5.7834,-14.733
154,22.5,6.4617,-17.395,-0.90371,-38.095,0.16801,4.6109,-16.286
154,23,13.249,-25.93,0.14538,-39.026,-0.13364,8.2885,-16.856
154,23.5,1.2228,-13.898,-1.0051,-39.943,0.064541,3.8576,-14.814
154,24,2.5813,-15.551,-0.91583,-38.871,0.088206,4.7557,-14.823
155,0.5,2.9952,-15.167,-0.88374,-36.955,0.1357,5.0884,-15.404
155,1,-2.9213,-8.2903,-0.87842,-39.952,-0.092848,2.0413,-16.512
155,1.5,-1.0421,-12.065,-0.86588,-39.424,0.095876,4.1359,-17.378
155,2,-4.0006,-8.0921,-1.002,-36.436,-0.026729,2.7416,-18.751
155,2.5,-5.7039,-5.3849,-0.91712,-37.809,-0.025943,1.5413,-19.827
155,3,-3.826,-8.4641,-1.1709,-38.876,-0.11026,3.0244,-18.929
155,3.5,-4.9828,-7.1164,-0.95012,-38.759,-0.33726,2.6912,-20.091
155,4,-3.3082,-8.3251,-1.1687,-37.465,-0.5779,3.0062,-21.095
155,4.5,-2.945,-7.4511,-1.1529,-36.612,-0.10081,2.8432,-21.684
155,5,-4.5356,-4.436,3.4606,-30.9,0.45363,7.6896,-21.804
155,5.5,4.0503,-2.538,0.8672,-3.6696,0.25331,4.5711,-20.326
155,6,22.589,-0.94089,-5.3777,40.328,0.26273,-1.5331,-15.533
155,6.5,96.963,-11.917,-15.122,98.246,0.26215,-9.6831,-7.326
155,7,146.69,-8.6722,-21.113,168.94,0.25769,-16.178,-0.38776
155,7.5,213.8,-5.8198,-26.246,245.86,0.25032,-21.828,3.7246
155,8,247.29,20.076,-31.347,318.07,0.24328,-28.372,7.4817
155,8.5,305.75,40.515,-34.951,389.71,0.23669,-33.772,13.466
155,9,323.98,47.32,-36.997,457.77,0.23097,-35.219,18.846
155,9.5,433.02,63.123,-42.758,517.49,0.22563,-43.768,23.492
155,10,412.19,44.546,-36.282,570.3,0.21906,-38.273,28.469
155,10.5,341.51,45.988,-27.557,612.37,0.21741,-24.941,34.949
155,11,472.4,46.152,-34.622,647.23,0.21613,-37.329,40.962
155,11.5,517.92,36.179,-33.574,673.18,0.21209,-35.288,42.823
155,12,418.74,31.633,-25.424,688.21,0.20904,-23.025,44.561
155,12.5,558.22,26.476,-32.283,694.95,0.20797,-33.144,51.639
155,13,574.94,36.081,-30.985,683.09,0.2062,-30.457,57.316
155,13.5,396.61,9.9021,-34.551,665.47,0.20824,-31.108,61.554
155,14,576.32,-26.839,-36.085,636.11,0.21209,-34.416,44.594
155,14.5,556.74,-39.506,-32.637,593.74,0.21683,-29.271,39.177
155,15,447.4,-43.964,-29.187,541.32,0.22061,-24.872,34.705
155,15.5,479.32,-58.199,-32.33,479.64,0.22541,-28.572,29.124
155,16,366.76,-50.276,-26.597,413.98,0.22965,-21.753,25.382
155,16.5,328.55,-64.998,-23.693,342.26,0.23789,-17.91,23.061
155,17,371.07,-111.93,-24.179,267.85,0.24709,-17.515,17.34
155,17.5,252.03,-84.446,-17.44,188.55,0.25502,-10.018,12.54
155,18,202.48,-90.901,-13.502,112.11,0.26887,-4.9716,9.0488
155,18.5,126.98,-70.583,-8.9007,44.827,0.28435,0.19385,5.5609
155,19,64.372,-47.081,-3.6537,-9.3539,0.28988,4.9538,3.0994
155,19.5,29.073,-40.732,-0.16335,-44.806,0.29037,7.0743,-0.86523
155,20,12.854,-26.405,-1.1087,-46.014,0.15475,3.2625,-7.3488
155,20.5,12.663,-24.363,-1.007,-43.512,-0.070565,3.2361,-13.978
155,21,8.7222,-19.245,-0.42261,-40.185,0.18767,1.9337,-17.149
155,21.5,10.619,-20.493,-0.52302,-40.532,0.17258,2.8291,-18.371
155,22,6.4647,-16.298,-0.70786,-40.532,0.38222,2.9276,-17.235
155,22.5,2.8586,-13.226,-0.72654,-38.53,0.23522,2.4598,-18.584
155,23,-1.1114,-10.465,-0.56386,-39.042,0.22051,1.7867,-18.641
155,23.5,-0.2919,-12.968,-0.83533,-41.66,-0.12251,2.9955,-18.673
155,24,-0.82083,-15.821,-0.99424,-45.579,-0.22617,4.1662,-15.786
156,0.5,-3.6041,-9.4638,-0.56585,-42.48,-0.16248,1.7126,-13.988
156,1,13.652,7.4414,0.30089,-38.748,-0,9.5598,-16.955
156,1.5,-2.7535,-9.1685,-0.60267,-40.292,0.35702,1.4479,-16.758
156,2,0.74808,-15.94,-0.79837,-41.154,0.29402,4.9659,-17.425
156,2.5,-0.14585,-16.07,-0.792,-41.918,-0.047679,4.9665,-17.56
156,3,1.2837,-15.927,-0.75736,-37.702,0.38975,5.0364,-16.585
156,3.5,15.213,33.596,0.27093,-35.216,0.40268,9.2603,-17.279
156,4,-1.7288,-12.452,-0.91567,-37.393,0.11761,4.2931,-17.192
156,4.5,-4.0354,-9.3202,-1.1342,-36.048,0.14701,3.599,-17.645
156,5,-3.4331,-6.6839,3.5665,-25.478,0.23627,8.5297,-18.625
156,5.5,21.868,-11.129,0.58877,8.9801,0.24854,5.102,-18.125
156,6,48.246,-14.841,-6.3364,43.083,0.23468,-0.59651,-13.477
156,6.5,58.522,0.086379,-12.869,107.44,0.2506,-10.612,-5.1891
156,7,127.66,-1.7336,-20.894,181.07,0.24536,-17.756,3.6536
156,7.5,196.98,-8.1164,-22.897,259.62,0.24185,-18.906,9.2657
156,8,244.39,-13.439,-27.06,333.55,0.23598,-22.713,15.58
156,8.5,347.16,-12.711,-33.114,405.67,0.23247,-29.714,22.847
156,9,433.97,10.943,-39.588,471.37,0.22838,-37.671,29.876
156,9.5,377.03,7.2351,-32.856,523.51,0.22644,-30.023,37.589
156,10,383.19,2.7118,-31.286,581.51,0.22134,-28.142,43.869
156,10.5,592.04,16.638,-42.878,619.27,0.21835,-42.309,47.453
156,11,588.26,11.857,-39.55,661.16,0.21233,-39.504,51.606
156,11.5,568.75,15.261,-30.844,689.18,0.20915,-30.906,52.654
156,12,580.62,9.6402,-28.681,700.25,0.20479,-28.939,51.149
156,12.5,610.45,-10.329,-33.381,710.03,0.20763,-31.538,53.403
156,13,581.58,-10.395,-29.446,671.34,0.21009,-27.902,56.914
156,13.5,562.73,-26.351,-30.254,613.49,0.213,-27.291,49.202
156,14,582.94,-48.202,-41.26,627.57,0.21903,-39.658,38.41
156,14.5,553.38,-55.348,-39.498,562.41,0.22381,-37.361,35.587
156,15,522.92,-99.644,-38.603,503.66,0.23218,-35.295,29.457
156,15.5,485.01,-104.6,-34.409,477.77,0.23845,-30.073,21.496
156,16,470.1,-121.01,-32.12,384.54,0.24203,-27.277,17.717
156,16.5,414.69,-135.2,-28.006,299.76,0.24756,-22.197,12.483
156,17,386.01,-144.9,-24.669,235.28,0.2552,-18.053,7.0632
156,17.5,321.96,-146.7,-19.879,175.64,0.26412,-12.128,2.8082
156,18,229.64,-108.86,-15.974,116.18,0.27584,-7.4051,1.588
156,18.5,182.26,-107.97,-11.494,50.425,0.28735,-1.9188,1.2067
156,19,99.24,-72.155,-6.5729,-12.936,0.30592,3.2312,-1.1711
156,19.5,21.743,-32.408,-0.43377,-47.466,0.32022,5.4862,-5.7703
156,20,28.767,-47.921,0.48365,-61.349,-0.18767,9.6975,-11.999
156,20.5,43.28,-71.478,1.2802,-68.299,-0.27474,12.179,-13.603
156,21,51.396,-82.275,1.2752,-72.828,-0.18901,12.621,-12.581
156,21.5,55.257,-88.946,1.727,-75.911,-0.15289,13.188,-12.1
156,22,65.701,-104.26,0.43504,-80.126,-0.35002,12.045,-13.962
156,22.5,65.975,-95.934,0.58473,-81.399,-0.11026,12.157,-12.94
156,23,66.19,-104.7,0.74609,-80.179,-0.2112,12.357,-12.899
156,23.5,77.395,-110.36,1.3663,-80.136,-0.25014,13.227,-14.975
156,24,72.271,-112.61,0.94932,-85.929,-0.17641,12.669,-15.346
157,0.5,55.404,-91.07,-1.114,-87.233,-0.17641,9.9649,-14.832
157,1,53.694,-96.286,-0.37851,-85.148,-0.25374,10.875,-15.02
157,1.5,51.175,-88.105,0.4317,-83.873,-0.16748,11.546,-14.881
157,2,43.806,-88.55,0.10715,-84.933,-0.20355,11.153,-15.072
157,2.5,42.323,-88.746,-1.1391,-85.357,-0.28607,9.7237,-15.329
157,3,52.547,-95.552,-0.74555,-84.256,-0.23942,10.398,-16.877
157,3.5,55.582,-98.048,-0.20077,-85.534,-0.24166,10.976,-16.399
157,4,55.84,-101.43,-0.093419,-86.916,-0.22345,11.153,-16.278
157,4.5,50.662,-95.849,-0.15198,-85.498,-0.25374,10.816,-16.1
157,5,71.802,-115.03,-2.0489,-83.282,2.0235,8.6982,-16.479
157,5.5,100.88,-111.93,-6.6233,-36.796,0.24765,3.1259,-18.19
157,6,115.18,-78.365,-11.384,26.93,0.27063,-3.0626,-15.657
157,6.5,181.49,-90.859,-17.675,96.266,0.26803,-10.286,-10.901
157,7,242.31,-83.918,-23.361,175.36,0.26309,-17.146,-9.6968
157,7.5,284.22,-72.262,-26.615,251.48,0.25445,-20.991,-8.1612
157,8,331.99,-44.844,-30.168,329.64,0.24813,-25.431,-5.0296
157,8.5,364.8,-27.881,-31.877,402.26,0.24381,-27.532,0.17761
157,9,365.44,-8.0349,-33.04,467.87,0.23956,-28.982,5.8147
157,9.5,462.1,-7.3104,-36.976,530.15,0.23566,-33.547,10.628
157,10,480.64,1.392,-37.726,582.63,0.23303,-34.561,13.897
157,10.5,525.14,15.363,-38.92,625.92,0.23053,-35.963,17.361
157,11,500.11,19.343,-37.568,657.36,0.23005,-34.444,19.792
157,11.5,634.78,33.318,-42.096,678.52,0.22931,-40.016,20.547
157,12,728.49,22.306,-45.342,691.78,0.22815,-43.831,23.614
157,12.5,619.41,2.4951,-38.768,695.91,0.22774,-35.676,21.428
157,13,622.63,-5.5333,-39.012,683.61,0.2294,-35.846,19.542
157,13.5,564.13,-7.9052,-36.94,649.33,0.23221,-33.267,19.279
157,14,526.08,-7.1634,-34.687,624.89,0.23458,-30.635,12.091
157,14.5,554.8,-28.768,-35.392,533.26,0.23663,-31.339,6.7789
157,15,488.22,-42.077,-32.528,526.27,0.24069,-27.62,2.4755
157,15.5,471.89,-43.983,-31.773,467.64,0.24356,-26.526,1.9793
157,16,451.49,-46.689,-29.083,398.09,0.24708,-23.32,0.94669
157,16.5,353.93,-54.433,-24.659,323.33,0.25067,-18.041,-1.4468
157,17,331.34,-60.388,-21.772,248.89,0.2563,-14.648,-4.9393
157,17.5,266,-79.521,-18.73,172.7,0.26474,-11.107,-8.1688
157,18,222.23,-95.408,-15.277,98.633,0.27576,-6.825,-10.282
157,18.5,154.25,-95.022,-11.21,24.775,0.2936,-1.9604,-11.59
157,19,113.03,-110.48,-6.3553,-34.441,0.3159,3.991,-13.621
157,19.5,50.39,-65.805,-5.6243,-74.235,0.41532,3.9912,-15.03
157,20,44.848,-77.099,-0.025603,-80.923,-0.12601,10.426,-14.898
157,20.5,51.907,-90.622,-0.9388,-85.641,-0.21169,9.7412,-17.342
157,21,42.121,-91.246,-1.3959,-87.223,-0.27722,9.1356,-18.483
157,21.5,40.537,-93.341,-1.6256,-88.1,-0.22051,8.9405,-18.894
157,22,40.271,-46.465,-4.0686,-84.135,-0.071795,4.3425,-18.546
157,22.5,47.813,-72.639,5.7376,-75.487,-0.26347,17.203,-19.267
157,23,27.195,-76.092,-0.47174,-78.826,-0.28574,9.2606,-21.613
157,23.5,59.345,-106.04,-2.0191,-89.123,-0.39495,8.4574,-21.984
157,24,50.678,-101.38,-1.436,-91.236,-0.20263,9.2798,-19.752
